"route_id","path","page_file","primary_navigation_link","role","link_visible","direct_page_gate","data_read","actions"
"RT-ROOT-001","/","src/pages/index.astro","No primary-nav item; contextual links/direct route","Employee","Visible to ACTIVE account","Public","Public/auth surface only; no protected operational data is granted by this route.","Authentication/recovery actions through auth use cases."
"RT-ROOT-001","/","src/pages/index.astro","No primary-nav item; contextual links/direct route","Supervisor","Visible to ACTIVE account","Public","Public/auth surface only; no protected operational data is granted by this route.","Authentication/recovery actions through auth use cases."
"RT-ROOT-001","/","src/pages/index.astro","No primary-nav item; contextual links/direct route","Manager","Visible to ACTIVE account","Public","Public/auth surface only; no protected operational data is granted by this route.","Authentication/recovery actions through auth use cases."
"RT-ROOT-001","/","src/pages/index.astro","No primary-nav item; contextual links/direct route","Admin","Visible to ACTIVE account","Public","Public/auth surface only; no protected operational data is granted by this route.","Authentication/recovery actions through auth use cases."
"RT-ROOT-001","/","src/pages/index.astro","No primary-nav item; contextual links/direct route","yazeed","Visible to ACTIVE account","Public","Public/auth surface only; no protected operational data is granted by this route.","Authentication/recovery actions through auth use cases."
"RT-AUTH-001","/login","src/pages/login.astro","No primary-nav item; contextual links/direct route","Employee","Visible to ACTIVE account","Public","Public/auth surface only; no protected operational data is granted by this route.","Authentication/recovery actions through auth use cases."
"RT-AUTH-001","/login","src/pages/login.astro","No primary-nav item; contextual links/direct route","Supervisor","Visible to ACTIVE account","Public","Public/auth surface only; no protected operational data is granted by this route.","Authentication/recovery actions through auth use cases."
"RT-AUTH-001","/login","src/pages/login.astro","No primary-nav item; contextual links/direct route","Manager","Visible to ACTIVE account","Public","Public/auth surface only; no protected operational data is granted by this route.","Authentication/recovery actions through auth use cases."
"RT-AUTH-001","/login","src/pages/login.astro","No primary-nav item; contextual links/direct route","Admin","Visible to ACTIVE account","Public","Public/auth surface only; no protected operational data is granted by this route.","Authentication/recovery actions through auth use cases."
"RT-AUTH-001","/login","src/pages/login.astro","No primary-nav item; contextual links/direct route","yazeed","Visible to ACTIVE account","Public","Public/auth surface only; no protected operational data is granted by this route.","Authentication/recovery actions through auth use cases."
"RT-AUTH-002","/auth/recovery","src/pages/auth/recovery.astro","No primary-nav item; contextual links/direct route","Employee","Visible to ACTIVE account","Allowed by page gate for ACTIVE authenticated account","AVD-004 declares ordinary operational read access for ACTIVE accounts; route gate alone does not prove the read model’s runtime outcome.","No action implied by link/page. Owning use case enforces permission, scope, state, SoD, version, signature, and business rules."
"RT-AUTH-002","/auth/recovery","src/pages/auth/recovery.astro","No primary-nav item; contextual links/direct route","Supervisor","Visible to ACTIVE account","Allowed by page gate for ACTIVE authenticated account","AVD-004 declares ordinary operational read access for ACTIVE accounts; route gate alone does not prove the read model’s runtime outcome.","No action implied by link/page. Owning use case enforces permission, scope, state, SoD, version, signature, and business rules."
"RT-AUTH-002","/auth/recovery","src/pages/auth/recovery.astro","No primary-nav item; contextual links/direct route","Manager","Visible to ACTIVE account","Allowed by page gate for ACTIVE authenticated account","AVD-004 declares ordinary operational read access for ACTIVE accounts; route gate alone does not prove the read model’s runtime outcome.","No action implied by link/page. Owning use case enforces permission, scope, state, SoD, version, signature, and business rules."
"RT-AUTH-002","/auth/recovery","src/pages/auth/recovery.astro","No primary-nav item; contextual links/direct route","Admin","Visible to ACTIVE account","Allowed by page gate for ACTIVE authenticated account","AVD-004 declares ordinary operational read access for ACTIVE accounts; route gate alone does not prove the read model’s runtime outcome.","No action implied by link/page. Owning use case enforces permission, scope, state, SoD, version, signature, and business rules."
"RT-AUTH-002","/auth/recovery","src/pages/auth/recovery.astro","No primary-nav item; contextual links/direct route","yazeed","Visible to ACTIVE account","Allowed by page gate for ACTIVE authenticated account","AVD-004 declares ordinary operational read access for ACTIVE accounts; route gate alone does not prove the read model’s runtime outcome.","No action implied by link/page. Owning use case enforces permission, scope, state, SoD, version, signature, and business rules."
"RT-AUTH-003","/auth/reset/[requestId]","src/pages/auth/reset/[requestId].astro","No primary-nav item; contextual links/direct route","Employee","Visible to ACTIVE account","Allowed by page gate for ACTIVE authenticated account","AVD-004 declares ordinary operational read access for ACTIVE accounts; route gate alone does not prove the read model’s runtime outcome.","No action implied by link/page. Owning use case enforces permission, scope, state, SoD, version, signature, and business rules."
"RT-AUTH-003","/auth/reset/[requestId]","src/pages/auth/reset/[requestId].astro","No primary-nav item; contextual links/direct route","Supervisor","Visible to ACTIVE account","Allowed by page gate for ACTIVE authenticated account","AVD-004 declares ordinary operational read access for ACTIVE accounts; route gate alone does not prove the read model’s runtime outcome.","No action implied by link/page. Owning use case enforces permission, scope, state, SoD, version, signature, and business rules."
"RT-AUTH-003","/auth/reset/[requestId]","src/pages/auth/reset/[requestId].astro","No primary-nav item; contextual links/direct route","Manager","Visible to ACTIVE account","Allowed by page gate for ACTIVE authenticated account","AVD-004 declares ordinary operational read access for ACTIVE accounts; route gate alone does not prove the read model’s runtime outcome.","No action implied by link/page. Owning use case enforces permission, scope, state, SoD, version, signature, and business rules."
"RT-AUTH-003","/auth/reset/[requestId]","src/pages/auth/reset/[requestId].astro","No primary-nav item; contextual links/direct route","Admin","Visible to ACTIVE account","Allowed by page gate for ACTIVE authenticated account","AVD-004 declares ordinary operational read access for ACTIVE accounts; route gate alone does not prove the read model’s runtime outcome.","No action implied by link/page. Owning use case enforces permission, scope, state, SoD, version, signature, and business rules."
"RT-AUTH-003","/auth/reset/[requestId]","src/pages/auth/reset/[requestId].astro","No primary-nav item; contextual links/direct route","yazeed","Visible to ACTIVE account","Allowed by page gate for ACTIVE authenticated account","AVD-004 declares ordinary operational read access for ACTIVE accounts; route gate alone does not prove the read model’s runtime outcome.","No action implied by link/page. Owning use case enforces permission, scope, state, SoD, version, signature, and business rules."
"RT-DASH-001","/dashboard","src/pages/dashboard/index.astro","Overview / Dashboard","Employee","Visible to ACTIVE account","Allowed by page gate for ACTIVE authenticated account","AVD-004 declares ordinary operational read access for ACTIVE accounts; route gate alone does not prove the read model’s runtime outcome.","No action implied by link/page. Owning use case enforces permission, scope, state, SoD, version, signature, and business rules."
"RT-DASH-001","/dashboard","src/pages/dashboard/index.astro","Overview / Dashboard","Supervisor","Visible to ACTIVE account","Allowed by page gate for ACTIVE authenticated account","AVD-004 declares ordinary operational read access for ACTIVE accounts; route gate alone does not prove the read model’s runtime outcome.","No action implied by link/page. Owning use case enforces permission, scope, state, SoD, version, signature, and business rules."
"RT-DASH-001","/dashboard","src/pages/dashboard/index.astro","Overview / Dashboard","Manager","Visible to ACTIVE account","Allowed by page gate for ACTIVE authenticated account","AVD-004 declares ordinary operational read access for ACTIVE accounts; route gate alone does not prove the read model’s runtime outcome.","No action implied by link/page. Owning use case enforces permission, scope, state, SoD, version, signature, and business rules."
"RT-DASH-001","/dashboard","src/pages/dashboard/index.astro","Overview / Dashboard","Admin","Visible to ACTIVE account","Allowed by page gate for ACTIVE authenticated account","AVD-004 declares ordinary operational read access for ACTIVE accounts; route gate alone does not prove the read model’s runtime outcome.","No action implied by link/page. Owning use case enforces permission, scope, state, SoD, version, signature, and business rules."
"RT-DASH-001","/dashboard","src/pages/dashboard/index.astro","Overview / Dashboard","yazeed","Visible to ACTIVE account","Allowed by page gate for ACTIVE authenticated account","AVD-004 declares ordinary operational read access for ACTIVE accounts; route gate alone does not prove the read model’s runtime outcome.","No action implied by link/page. Owning use case enforces permission, scope, state, SoD, version, signature, and business rules."
"RT-WORK-001","/work","src/pages/work/index.astro","Work / My work today","Employee","Visible to ACTIVE account","Allowed by page gate for ACTIVE authenticated account","AVD-004 declares ordinary operational read access for ACTIVE accounts; route gate alone does not prove the read model’s runtime outcome.","No action implied by link/page. Owning use case enforces permission, scope, state, SoD, version, signature, and business rules."
"RT-WORK-001","/work","src/pages/work/index.astro","Work / My work today","Supervisor","Visible to ACTIVE account","Allowed by page gate for ACTIVE authenticated account","AVD-004 declares ordinary operational read access for ACTIVE accounts; route gate alone does not prove the read model’s runtime outcome.","No action implied by link/page. Owning use case enforces permission, scope, state, SoD, version, signature, and business rules."
"RT-WORK-001","/work","src/pages/work/index.astro","Work / My work today","Manager","Visible to ACTIVE account","Allowed by page gate for ACTIVE authenticated account","AVD-004 declares ordinary operational read access for ACTIVE accounts; route gate alone does not prove the read model’s runtime outcome.","No action implied by link/page. Owning use case enforces permission, scope, state, SoD, version, signature, and business rules."
"RT-WORK-001","/work","src/pages/work/index.astro","Work / My work today","Admin","Visible to ACTIVE account","Allowed by page gate for ACTIVE authenticated account","AVD-004 declares ordinary operational read access for ACTIVE accounts; route gate alone does not prove the read model’s runtime outcome.","No action implied by link/page. Owning use case enforces permission, scope, state, SoD, version, signature, and business rules."
"RT-WORK-001","/work","src/pages/work/index.astro","Work / My work today","yazeed","Visible to ACTIVE account","Allowed by page gate for ACTIVE authenticated account","AVD-004 declares ordinary operational read access for ACTIVE accounts; route gate alone does not prove the read model’s runtime outcome.","No action implied by link/page. Owning use case enforces permission, scope, state, SoD, version, signature, and business rules."
"RT-TASK-001","/tasks","src/pages/tasks/index.astro","Work / Tasks","Employee","Visible to ACTIVE account","Allowed by page gate for ACTIVE authenticated account","AVD-004 declares ordinary operational read access for ACTIVE accounts; route gate alone does not prove the read model’s runtime outcome.","No action implied by link/page. Owning use case enforces permission, scope, state, SoD, version, signature, and business rules."
"RT-TASK-001","/tasks","src/pages/tasks/index.astro","Work / Tasks","Supervisor","Visible to ACTIVE account","Allowed by page gate for ACTIVE authenticated account","AVD-004 declares ordinary operational read access for ACTIVE accounts; route gate alone does not prove the read model’s runtime outcome.","No action implied by link/page. Owning use case enforces permission, scope, state, SoD, version, signature, and business rules."
"RT-TASK-001","/tasks","src/pages/tasks/index.astro","Work / Tasks","Manager","Visible to ACTIVE account","Allowed by page gate for ACTIVE authenticated account","AVD-004 declares ordinary operational read access for ACTIVE accounts; route gate alone does not prove the read model’s runtime outcome.","No action implied by link/page. Owning use case enforces permission, scope, state, SoD, version, signature, and business rules."
"RT-TASK-001","/tasks","src/pages/tasks/index.astro","Work / Tasks","Admin","Visible to ACTIVE account","Allowed by page gate for ACTIVE authenticated account","AVD-004 declares ordinary operational read access for ACTIVE accounts; route gate alone does not prove the read model’s runtime outcome.","No action implied by link/page. Owning use case enforces permission, scope, state, SoD, version, signature, and business rules."
"RT-TASK-001","/tasks","src/pages/tasks/index.astro","Work / Tasks","yazeed","Visible to ACTIVE account","Allowed by page gate for ACTIVE authenticated account","AVD-004 declares ordinary operational read access for ACTIVE accounts; route gate alone does not prove the read model’s runtime outcome.","No action implied by link/page. Owning use case enforces permission, scope, state, SoD, version, signature, and business rules."
"RT-TASK-002","/tasks/new","src/pages/tasks/new.astro","No primary-nav item; contextual links/direct route","Employee","Visible to ACTIVE account","Allowed by page gate for ACTIVE authenticated account","AVD-004 declares ordinary operational read access for ACTIVE accounts; route gate alone does not prove the read model’s runtime outcome.","No action implied by link/page. Owning use case enforces permission, scope, state, SoD, version, signature, and business rules."
"RT-TASK-002","/tasks/new","src/pages/tasks/new.astro","No primary-nav item; contextual links/direct route","Supervisor","Visible to ACTIVE account","Allowed by page gate for ACTIVE authenticated account","AVD-004 declares ordinary operational read access for ACTIVE accounts; route gate alone does not prove the read model’s runtime outcome.","No action implied by link/page. Owning use case enforces permission, scope, state, SoD, version, signature, and business rules."
"RT-TASK-002","/tasks/new","src/pages/tasks/new.astro","No primary-nav item; contextual links/direct route","Manager","Visible to ACTIVE account","Allowed by page gate for ACTIVE authenticated account","AVD-004 declares ordinary operational read access for ACTIVE accounts; route gate alone does not prove the read model’s runtime outcome.","No action implied by link/page. Owning use case enforces permission, scope, state, SoD, version, signature, and business rules."
"RT-TASK-002","/tasks/new","src/pages/tasks/new.astro","No primary-nav item; contextual links/direct route","Admin","Visible to ACTIVE account","Allowed by page gate for ACTIVE authenticated account","AVD-004 declares ordinary operational read access for ACTIVE accounts; route gate alone does not prove the read model’s runtime outcome.","No action implied by link/page. Owning use case enforces permission, scope, state, SoD, version, signature, and business rules."
"RT-TASK-002","/tasks/new","src/pages/tasks/new.astro","No primary-nav item; contextual links/direct route","yazeed","Visible to ACTIVE account","Allowed by page gate for ACTIVE authenticated account","AVD-004 declares ordinary operational read access for ACTIVE accounts; route gate alone does not prove the read model’s runtime outcome.","No action implied by link/page. Owning use case enforces permission, scope, state, SoD, version, signature, and business rules."
"RT-TASK-003","/tasks/[taskId]","src/pages/tasks/[taskId].astro","No primary-nav item; contextual links/direct route","Employee","Visible to ACTIVE account","Allowed by page gate for ACTIVE authenticated account","AVD-004 declares ordinary operational read access for ACTIVE accounts; route gate alone does not prove the read model’s runtime outcome.","No action implied by link/page. Owning use case enforces permission, scope, state, SoD, version, signature, and business rules."
"RT-TASK-003","/tasks/[taskId]","src/pages/tasks/[taskId].astro","No primary-nav item; contextual links/direct route","Supervisor","Visible to ACTIVE account","Allowed by page gate for ACTIVE authenticated account","AVD-004 declares ordinary operational read access for ACTIVE accounts; route gate alone does not prove the read model’s runtime outcome.","No action implied by link/page. Owning use case enforces permission, scope, state, SoD, version, signature, and business rules."
"RT-TASK-003","/tasks/[taskId]","src/pages/tasks/[taskId].astro","No primary-nav item; contextual links/direct route","Manager","Visible to ACTIVE account","Allowed by page gate for ACTIVE authenticated account","AVD-004 declares ordinary operational read access for ACTIVE accounts; route gate alone does not prove the read model’s runtime outcome.","No action implied by link/page. Owning use case enforces permission, scope, state, SoD, version, signature, and business rules."
"RT-TASK-003","/tasks/[taskId]","src/pages/tasks/[taskId].astro","No primary-nav item; contextual links/direct route","Admin","Visible to ACTIVE account","Allowed by page gate for ACTIVE authenticated account","AVD-004 declares ordinary operational read access for ACTIVE accounts; route gate alone does not prove the read model’s runtime outcome.","No action implied by link/page. Owning use case enforces permission, scope, state, SoD, version, signature, and business rules."
"RT-TASK-003","/tasks/[taskId]","src/pages/tasks/[taskId].astro","No primary-nav item; contextual links/direct route","yazeed","Visible to ACTIVE account","Allowed by page gate for ACTIVE authenticated account","AVD-004 declares ordinary operational read access for ACTIVE accounts; route gate alone does not prove the read model’s runtime outcome.","No action implied by link/page. Owning use case enforces permission, scope, state, SoD, version, signature, and business rules."
"RT-QUAL-001","/quality","src/pages/quality/index.astro","No primary-nav item; contextual links/direct route","Employee","Visible to ACTIVE account","Allowed by page gate for ACTIVE authenticated account","AVD-004 declares ordinary operational read access for ACTIVE accounts; route gate alone does not prove the read model’s runtime outcome.","No action implied by link/page. Owning use case enforces permission, scope, state, SoD, version, signature, and business rules."
"RT-QUAL-001","/quality","src/pages/quality/index.astro","No primary-nav item; contextual links/direct route","Supervisor","Visible to ACTIVE account","Allowed by page gate for ACTIVE authenticated account","AVD-004 declares ordinary operational read access for ACTIVE accounts; route gate alone does not prove the read model’s runtime outcome.","No action implied by link/page. Owning use case enforces permission, scope, state, SoD, version, signature, and business rules."
"RT-QUAL-001","/quality","src/pages/quality/index.astro","No primary-nav item; contextual links/direct route","Manager","Visible to ACTIVE account","Allowed by page gate for ACTIVE authenticated account","AVD-004 declares ordinary operational read access for ACTIVE accounts; route gate alone does not prove the read model’s runtime outcome.","No action implied by link/page. Owning use case enforces permission, scope, state, SoD, version, signature, and business rules."
"RT-QUAL-001","/quality","src/pages/quality/index.astro","No primary-nav item; contextual links/direct route","Admin","Visible to ACTIVE account","Allowed by page gate for ACTIVE authenticated account","AVD-004 declares ordinary operational read access for ACTIVE accounts; route gate alone does not prove the read model’s runtime outcome.","No action implied by link/page. Owning use case enforces permission, scope, state, SoD, version, signature, and business rules."
"RT-QUAL-001","/quality","src/pages/quality/index.astro","No primary-nav item; contextual links/direct route","yazeed","Visible to ACTIVE account","Allowed by page gate for ACTIVE authenticated account","AVD-004 declares ordinary operational read access for ACTIVE accounts; route gate alone does not prove the read model’s runtime outcome.","No action implied by link/page. Owning use case enforces permission, scope, state, SoD, version, signature, and business rules."
"RT-FIND-001","/quality/findings","src/pages/quality/findings/index.astro","Quality / Findings","Employee","Visible to ACTIVE account","Allowed by page gate for ACTIVE authenticated account","AVD-004 declares ordinary operational read access for ACTIVE accounts; route gate alone does not prove the read model’s runtime outcome.","No action implied by link/page. Owning use case enforces permission, scope, state, SoD, version, signature, and business rules."
"RT-FIND-001","/quality/findings","src/pages/quality/findings/index.astro","Quality / Findings","Supervisor","Visible to ACTIVE account","Allowed by page gate for ACTIVE authenticated account","AVD-004 declares ordinary operational read access for ACTIVE accounts; route gate alone does not prove the read model’s runtime outcome.","No action implied by link/page. Owning use case enforces permission, scope, state, SoD, version, signature, and business rules."
"RT-FIND-001","/quality/findings","src/pages/quality/findings/index.astro","Quality / Findings","Manager","Visible to ACTIVE account","Allowed by page gate for ACTIVE authenticated account","AVD-004 declares ordinary operational read access for ACTIVE accounts; route gate alone does not prove the read model’s runtime outcome.","No action implied by link/page. Owning use case enforces permission, scope, state, SoD, version, signature, and business rules."
"RT-FIND-001","/quality/findings","src/pages/quality/findings/index.astro","Quality / Findings","Admin","Visible to ACTIVE account","Allowed by page gate for ACTIVE authenticated account","AVD-004 declares ordinary operational read access for ACTIVE accounts; route gate alone does not prove the read model’s runtime outcome.","No action implied by link/page. Owning use case enforces permission, scope, state, SoD, version, signature, and business rules."
"RT-FIND-001","/quality/findings","src/pages/quality/findings/index.astro","Quality / Findings","yazeed","Visible to ACTIVE account","Allowed by page gate for ACTIVE authenticated account","AVD-004 declares ordinary operational read access for ACTIVE accounts; route gate alone does not prove the read model’s runtime outcome.","No action implied by link/page. Owning use case enforces permission, scope, state, SoD, version, signature, and business rules."
"RT-FIND-002","/quality/findings/new","src/pages/quality/findings/new.astro","No primary-nav item; contextual links/direct route","Employee","Visible to ACTIVE account","Allowed by page gate for ACTIVE authenticated account","AVD-004 declares ordinary operational read access for ACTIVE accounts; route gate alone does not prove the read model’s runtime outcome.","No action implied by link/page. Owning use case enforces permission, scope, state, SoD, version, signature, and business rules."
"RT-FIND-002","/quality/findings/new","src/pages/quality/findings/new.astro","No primary-nav item; contextual links/direct route","Supervisor","Visible to ACTIVE account","Allowed by page gate for ACTIVE authenticated account","AVD-004 declares ordinary operational read access for ACTIVE accounts; route gate alone does not prove the read model’s runtime outcome.","No action implied by link/page. Owning use case enforces permission, scope, state, SoD, version, signature, and business rules."
"RT-FIND-002","/quality/findings/new","src/pages/quality/findings/new.astro","No primary-nav item; contextual links/direct route","Manager","Visible to ACTIVE account","Allowed by page gate for ACTIVE authenticated account","AVD-004 declares ordinary operational read access for ACTIVE accounts; route gate alone does not prove the read model’s runtime outcome.","No action implied by link/page. Owning use case enforces permission, scope, state, SoD, version, signature, and business rules."
"RT-FIND-002","/quality/findings/new","src/pages/quality/findings/new.astro","No primary-nav item; contextual links/direct route","Admin","Visible to ACTIVE account","Allowed by page gate for ACTIVE authenticated account","AVD-004 declares ordinary operational read access for ACTIVE accounts; route gate alone does not prove the read model’s runtime outcome.","No action implied by link/page. Owning use case enforces permission, scope, state, SoD, version, signature, and business rules."
"RT-FIND-002","/quality/findings/new","src/pages/quality/findings/new.astro","No primary-nav item; contextual links/direct route","yazeed","Visible to ACTIVE account","Allowed by page gate for ACTIVE authenticated account","AVD-004 declares ordinary operational read access for ACTIVE accounts; route gate alone does not prove the read model’s runtime outcome.","No action implied by link/page. Owning use case enforces permission, scope, state, SoD, version, signature, and business rules."
"RT-FIND-003","/quality/findings/[findingId]","src/pages/quality/findings/[findingId].astro","No primary-nav item; contextual links/direct route","Employee","Visible to ACTIVE account","Allowed by page gate for ACTIVE authenticated account","AVD-004 declares ordinary operational read access for ACTIVE accounts; route gate alone does not prove the read model’s runtime outcome.","No action implied by link/page. Owning use case enforces permission, scope, state, SoD, version, signature, and business rules."
"RT-FIND-003","/quality/findings/[findingId]","src/pages/quality/findings/[findingId].astro","No primary-nav item; contextual links/direct route","Supervisor","Visible to ACTIVE account","Allowed by page gate for ACTIVE authenticated account","AVD-004 declares ordinary operational read access for ACTIVE accounts; route gate alone does not prove the read model’s runtime outcome.","No action implied by link/page. Owning use case enforces permission, scope, state, SoD, version, signature, and business rules."
"RT-FIND-003","/quality/findings/[findingId]","src/pages/quality/findings/[findingId].astro","No primary-nav item; contextual links/direct route","Manager","Visible to ACTIVE account","Allowed by page gate for ACTIVE authenticated account","AVD-004 declares ordinary operational read access for ACTIVE accounts; route gate alone does not prove the read model’s runtime outcome.","No action implied by link/page. Owning use case enforces permission, scope, state, SoD, version, signature, and business rules."
"RT-FIND-003","/quality/findings/[findingId]","src/pages/quality/findings/[findingId].astro","No primary-nav item; contextual links/direct route","Admin","Visible to ACTIVE account","Allowed by page gate for ACTIVE authenticated account","AVD-004 declares ordinary operational read access for ACTIVE accounts; route gate alone does not prove the read model’s runtime outcome.","No action implied by link/page. Owning use case enforces permission, scope, state, SoD, version, signature, and business rules."
"RT-FIND-003","/quality/findings/[findingId]","src/pages/quality/findings/[findingId].astro","No primary-nav item; contextual links/direct route","yazeed","Visible to ACTIVE account","Allowed by page gate for ACTIVE authenticated account","AVD-004 declares ordinary operational read access for ACTIVE accounts; route gate alone does not prove the read model’s runtime outcome.","No action implied by link/page. Owning use case enforces permission, scope, state, SoD, version, signature, and business rules."
"RT-NCR-001","/quality/ncr","src/pages/quality/ncr/index.astro","Quality / NCR","Employee","Visible to ACTIVE account","Allowed by page gate for ACTIVE authenticated account","AVD-004 declares ordinary operational read access for ACTIVE accounts; route gate alone does not prove the read model’s runtime outcome.","No action implied by link/page. Owning use case enforces permission, scope, state, SoD, version, signature, and business rules."
"RT-NCR-001","/quality/ncr","src/pages/quality/ncr/index.astro","Quality / NCR","Supervisor","Visible to ACTIVE account","Allowed by page gate for ACTIVE authenticated account","AVD-004 declares ordinary operational read access for ACTIVE accounts; route gate alone does not prove the read model’s runtime outcome.","No action implied by link/page. Owning use case enforces permission, scope, state, SoD, version, signature, and business rules."
"RT-NCR-001","/quality/ncr","src/pages/quality/ncr/index.astro","Quality / NCR","Manager","Visible to ACTIVE account","Allowed by page gate for ACTIVE authenticated account","AVD-004 declares ordinary operational read access for ACTIVE accounts; route gate alone does not prove the read model’s runtime outcome.","No action implied by link/page. Owning use case enforces permission, scope, state, SoD, version, signature, and business rules."
"RT-NCR-001","/quality/ncr","src/pages/quality/ncr/index.astro","Quality / NCR","Admin","Visible to ACTIVE account","Allowed by page gate for ACTIVE authenticated account","AVD-004 declares ordinary operational read access for ACTIVE accounts; route gate alone does not prove the read model’s runtime outcome.","No action implied by link/page. Owning use case enforces permission, scope, state, SoD, version, signature, and business rules."
"RT-NCR-001","/quality/ncr","src/pages/quality/ncr/index.astro","Quality / NCR","yazeed","Visible to ACTIVE account","Allowed by page gate for ACTIVE authenticated account","AVD-004 declares ordinary operational read access for ACTIVE accounts; route gate alone does not prove the read model’s runtime outcome.","No action implied by link/page. Owning use case enforces permission, scope, state, SoD, version, signature, and business rules."
"RT-NCR-002","/quality/ncr/new","src/pages/quality/ncr/new.astro","No primary-nav item; contextual links/direct route","Employee","Visible to ACTIVE account","Allowed by page gate for ACTIVE authenticated account","AVD-004 declares ordinary operational read access for ACTIVE accounts; route gate alone does not prove the read model’s runtime outcome.","No action implied by link/page. Owning use case enforces permission, scope, state, SoD, version, signature, and business rules."
"RT-NCR-002","/quality/ncr/new","src/pages/quality/ncr/new.astro","No primary-nav item; contextual links/direct route","Supervisor","Visible to ACTIVE account","Allowed by page gate for ACTIVE authenticated account","AVD-004 declares ordinary operational read access for ACTIVE accounts; route gate alone does not prove the read model’s runtime outcome.","No action implied by link/page. Owning use case enforces permission, scope, state, SoD, version, signature, and business rules."
"RT-NCR-002","/quality/ncr/new","src/pages/quality/ncr/new.astro","No primary-nav item; contextual links/direct route","Manager","Visible to ACTIVE account","Allowed by page gate for ACTIVE authenticated account","AVD-004 declares ordinary operational read access for ACTIVE accounts; route gate alone does not prove the read model’s runtime outcome.","No action implied by link/page. Owning use case enforces permission, scope, state, SoD, version, signature, and business rules."
"RT-NCR-002","/quality/ncr/new","src/pages/quality/ncr/new.astro","No primary-nav item; contextual links/direct route","Admin","Visible to ACTIVE account","Allowed by page gate for ACTIVE authenticated account","AVD-004 declares ordinary operational read access for ACTIVE accounts; route gate alone does not prove the read model’s runtime outcome.","No action implied by link/page. Owning use case enforces permission, scope, state, SoD, version, signature, and business rules."
"RT-NCR-002","/quality/ncr/new","src/pages/quality/ncr/new.astro","No primary-nav item; contextual links/direct route","yazeed","Visible to ACTIVE account","Allowed by page gate for ACTIVE authenticated account","AVD-004 declares ordinary operational read access for ACTIVE accounts; route gate alone does not prove the read model’s runtime outcome.","No action implied by link/page. Owning use case enforces permission, scope, state, SoD, version, signature, and business rules."
"RT-NCR-003","/quality/ncr/[ncrId]","src/pages/quality/ncr/[ncrId].astro","No primary-nav item; contextual links/direct route","Employee","Visible to ACTIVE account","Allowed by page gate for ACTIVE authenticated account","AVD-004 declares ordinary operational read access for ACTIVE accounts; route gate alone does not prove the read model’s runtime outcome.","No action implied by link/page. Owning use case enforces permission, scope, state, SoD, version, signature, and business rules."
"RT-NCR-003","/quality/ncr/[ncrId]","src/pages/quality/ncr/[ncrId].astro","No primary-nav item; contextual links/direct route","Supervisor","Visible to ACTIVE account","Allowed by page gate for ACTIVE authenticated account","AVD-004 declares ordinary operational read access for ACTIVE accounts; route gate alone does not prove the read model’s runtime outcome.","No action implied by link/page. Owning use case enforces permission, scope, state, SoD, version, signature, and business rules."
"RT-NCR-003","/quality/ncr/[ncrId]","src/pages/quality/ncr/[ncrId].astro","No primary-nav item; contextual links/direct route","Manager","Visible to ACTIVE account","Allowed by page gate for ACTIVE authenticated account","AVD-004 declares ordinary operational read access for ACTIVE accounts; route gate alone does not prove the read model’s runtime outcome.","No action implied by link/page. Owning use case enforces permission, scope, state, SoD, version, signature, and business rules."
"RT-NCR-003","/quality/ncr/[ncrId]","src/pages/quality/ncr/[ncrId].astro","No primary-nav item; contextual links/direct route","Admin","Visible to ACTIVE account","Allowed by page gate for ACTIVE authenticated account","AVD-004 declares ordinary operational read access for ACTIVE accounts; route gate alone does not prove the read model’s runtime outcome.","No action implied by link/page. Owning use case enforces permission, scope, state, SoD, version, signature, and business rules."
"RT-NCR-003","/quality/ncr/[ncrId]","src/pages/quality/ncr/[ncrId].astro","No primary-nav item; contextual links/direct route","yazeed","Visible to ACTIVE account","Allowed by page gate for ACTIVE authenticated account","AVD-004 declares ordinary operational read access for ACTIVE accounts; route gate alone does not prove the read model’s runtime outcome.","No action implied by link/page. Owning use case enforces permission, scope, state, SoD, version, signature, and business rules."
"RT-RCA-001","/quality/rca","src/pages/quality/rca/index.astro","Quality / RCA","Employee","Visible to ACTIVE account","Allowed by page gate for ACTIVE authenticated account","AVD-004 declares ordinary operational read access for ACTIVE accounts; route gate alone does not prove the read model’s runtime outcome.","No action implied by link/page. Owning use case enforces permission, scope, state, SoD, version, signature, and business rules."
"RT-RCA-001","/quality/rca","src/pages/quality/rca/index.astro","Quality / RCA","Supervisor","Visible to ACTIVE account","Allowed by page gate for ACTIVE authenticated account","AVD-004 declares ordinary operational read access for ACTIVE accounts; route gate alone does not prove the read model’s runtime outcome.","No action implied by link/page. Owning use case enforces permission, scope, state, SoD, version, signature, and business rules."
"RT-RCA-001","/quality/rca","src/pages/quality/rca/index.astro","Quality / RCA","Manager","Visible to ACTIVE account","Allowed by page gate for ACTIVE authenticated account","AVD-004 declares ordinary operational read access for ACTIVE accounts; route gate alone does not prove the read model’s runtime outcome.","No action implied by link/page. Owning use case enforces permission, scope, state, SoD, version, signature, and business rules."
"RT-RCA-001","/quality/rca","src/pages/quality/rca/index.astro","Quality / RCA","Admin","Visible to ACTIVE account","Allowed by page gate for ACTIVE authenticated account","AVD-004 declares ordinary operational read access for ACTIVE accounts; route gate alone does not prove the read model’s runtime outcome.","No action implied by link/page. Owning use case enforces permission, scope, state, SoD, version, signature, and business rules."
"RT-RCA-001","/quality/rca","src/pages/quality/rca/index.astro","Quality / RCA","yazeed","Visible to ACTIVE account","Allowed by page gate for ACTIVE authenticated account","AVD-004 declares ordinary operational read access for ACTIVE accounts; route gate alone does not prove the read model’s runtime outcome.","No action implied by link/page. Owning use case enforces permission, scope, state, SoD, version, signature, and business rules."
"RT-RCA-002","/quality/rca/[rcaId]","src/pages/quality/rca/[rcaId].astro","No primary-nav item; contextual links/direct route","Employee","Visible to ACTIVE account","Allowed by page gate for ACTIVE authenticated account","AVD-004 declares ordinary operational read access for ACTIVE accounts; route gate alone does not prove the read model’s runtime outcome.","No action implied by link/page. Owning use case enforces permission, scope, state, SoD, version, signature, and business rules."
"RT-RCA-002","/quality/rca/[rcaId]","src/pages/quality/rca/[rcaId].astro","No primary-nav item; contextual links/direct route","Supervisor","Visible to ACTIVE account","Allowed by page gate for ACTIVE authenticated account","AVD-004 declares ordinary operational read access for ACTIVE accounts; route gate alone does not prove the read model’s runtime outcome.","No action implied by link/page. Owning use case enforces permission, scope, state, SoD, version, signature, and business rules."
"RT-RCA-002","/quality/rca/[rcaId]","src/pages/quality/rca/[rcaId].astro","No primary-nav item; contextual links/direct route","Manager","Visible to ACTIVE account","Allowed by page gate for ACTIVE authenticated account","AVD-004 declares ordinary operational read access for ACTIVE accounts; route gate alone does not prove the read model’s runtime outcome.","No action implied by link/page. Owning use case enforces permission, scope, state, SoD, version, signature, and business rules."
"RT-RCA-002","/quality/rca/[rcaId]","src/pages/quality/rca/[rcaId].astro","No primary-nav item; contextual links/direct route","Admin","Visible to ACTIVE account","Allowed by page gate for ACTIVE authenticated account","AVD-004 declares ordinary operational read access for ACTIVE accounts; route gate alone does not prove the read model’s runtime outcome.","No action implied by link/page. Owning use case enforces permission, scope, state, SoD, version, signature, and business rules."
"RT-RCA-002","/quality/rca/[rcaId]","src/pages/quality/rca/[rcaId].astro","No primary-nav item; contextual links/direct route","yazeed","Visible to ACTIVE account","Allowed by page gate for ACTIVE authenticated account","AVD-004 declares ordinary operational read access for ACTIVE accounts; route gate alone does not prove the read model’s runtime outcome.","No action implied by link/page. Owning use case enforces permission, scope, state, SoD, version, signature, and business rules."
"RT-CAPA-001","/quality/capa","src/pages/quality/capa/index.astro","Quality / CAPA","Employee","Visible to ACTIVE account","Allowed by page gate for ACTIVE authenticated account","AVD-004 declares ordinary operational read access for ACTIVE accounts; route gate alone does not prove the read model’s runtime outcome.","No action implied by link/page. Owning use case enforces permission, scope, state, SoD, version, signature, and business rules."
"RT-CAPA-001","/quality/capa","src/pages/quality/capa/index.astro","Quality / CAPA","Supervisor","Visible to ACTIVE account","Allowed by page gate for ACTIVE authenticated account","AVD-004 declares ordinary operational read access for ACTIVE accounts; route gate alone does not prove the read model’s runtime outcome.","No action implied by link/page. Owning use case enforces permission, scope, state, SoD, version, signature, and business rules."
"RT-CAPA-001","/quality/capa","src/pages/quality/capa/index.astro","Quality / CAPA","Manager","Visible to ACTIVE account","Allowed by page gate for ACTIVE authenticated account","AVD-004 declares ordinary operational read access for ACTIVE accounts; route gate alone does not prove the read model’s runtime outcome.","No action implied by link/page. Owning use case enforces permission, scope, state, SoD, version, signature, and business rules."
"RT-CAPA-001","/quality/capa","src/pages/quality/capa/index.astro","Quality / CAPA","Admin","Visible to ACTIVE account","Allowed by page gate for ACTIVE authenticated account","AVD-004 declares ordinary operational read access for ACTIVE accounts; route gate alone does not prove the read model’s runtime outcome.","No action implied by link/page. Owning use case enforces permission, scope, state, SoD, version, signature, and business rules."
"RT-CAPA-001","/quality/capa","src/pages/quality/capa/index.astro","Quality / CAPA","yazeed","Visible to ACTIVE account","Allowed by page gate for ACTIVE authenticated account","AVD-004 declares ordinary operational read access for ACTIVE accounts; route gate alone does not prove the read model’s runtime outcome.","No action implied by link/page. Owning use case enforces permission, scope, state, SoD, version, signature, and business rules."
"RT-CAPA-002","/quality/capa/new","src/pages/quality/capa/new.astro","No primary-nav item; contextual links/direct route","Employee","Visible to ACTIVE account","Allowed by page gate for ACTIVE authenticated account","AVD-004 declares ordinary operational read access for ACTIVE accounts; route gate alone does not prove the read model’s runtime outcome.","No action implied by link/page. Owning use case enforces permission, scope, state, SoD, version, signature, and business rules."
"RT-CAPA-002","/quality/capa/new","src/pages/quality/capa/new.astro","No primary-nav item; contextual links/direct route","Supervisor","Visible to ACTIVE account","Allowed by page gate for ACTIVE authenticated account","AVD-004 declares ordinary operational read access for ACTIVE accounts; route gate alone does not prove the read model’s runtime outcome.","No action implied by link/page. Owning use case enforces permission, scope, state, SoD, version, signature, and business rules."
"RT-CAPA-002","/quality/capa/new","src/pages/quality/capa/new.astro","No primary-nav item; contextual links/direct route","Manager","Visible to ACTIVE account","Allowed by page gate for ACTIVE authenticated account","AVD-004 declares ordinary operational read access for ACTIVE accounts; route gate alone does not prove the read model’s runtime outcome.","No action implied by link/page. Owning use case enforces permission, scope, state, SoD, version, signature, and business rules."
"RT-CAPA-002","/quality/capa/new","src/pages/quality/capa/new.astro","No primary-nav item; contextual links/direct route","Admin","Visible to ACTIVE account","Allowed by page gate for ACTIVE authenticated account","AVD-004 declares ordinary operational read access for ACTIVE accounts; route gate alone does not prove the read model’s runtime outcome.","No action implied by link/page. Owning use case enforces permission, scope, state, SoD, version, signature, and business rules."
"RT-CAPA-002","/quality/capa/new","src/pages/quality/capa/new.astro","No primary-nav item; contextual links/direct route","yazeed","Visible to ACTIVE account","Allowed by page gate for ACTIVE authenticated account","AVD-004 declares ordinary operational read access for ACTIVE accounts; route gate alone does not prove the read model’s runtime outcome.","No action implied by link/page. Owning use case enforces permission, scope, state, SoD, version, signature, and business rules."
"RT-CAPA-003","/quality/capa/[capaId]","src/pages/quality/capa/[capaId].astro","No primary-nav item; contextual links/direct route","Employee","Visible to ACTIVE account","Allowed by page gate for ACTIVE authenticated account","AVD-004 declares ordinary operational read access for ACTIVE accounts; route gate alone does not prove the read model’s runtime outcome.","No action implied by link/page. Owning use case enforces permission, scope, state, SoD, version, signature, and business rules."
"RT-CAPA-003","/quality/capa/[capaId]","src/pages/quality/capa/[capaId].astro","No primary-nav item; contextual links/direct route","Supervisor","Visible to ACTIVE account","Allowed by page gate for ACTIVE authenticated account","AVD-004 declares ordinary operational read access for ACTIVE accounts; route gate alone does not prove the read model’s runtime outcome.","No action implied by link/page. Owning use case enforces permission, scope, state, SoD, version, signature, and business rules."
"RT-CAPA-003","/quality/capa/[capaId]","src/pages/quality/capa/[capaId].astro","No primary-nav item; contextual links/direct route","Manager","Visible to ACTIVE account","Allowed by page gate for ACTIVE authenticated account","AVD-004 declares ordinary operational read access for ACTIVE accounts; route gate alone does not prove the read model’s runtime outcome.","No action implied by link/page. Owning use case enforces permission, scope, state, SoD, version, signature, and business rules."
"RT-CAPA-003","/quality/capa/[capaId]","src/pages/quality/capa/[capaId].astro","No primary-nav item; contextual links/direct route","Admin","Visible to ACTIVE account","Allowed by page gate for ACTIVE authenticated account","AVD-004 declares ordinary operational read access for ACTIVE accounts; route gate alone does not prove the read model’s runtime outcome.","No action implied by link/page. Owning use case enforces permission, scope, state, SoD, version, signature, and business rules."
"RT-CAPA-003","/quality/capa/[capaId]","src/pages/quality/capa/[capaId].astro","No primary-nav item; contextual links/direct route","yazeed","Visible to ACTIVE account","Allowed by page gate for ACTIVE authenticated account","AVD-004 declares ordinary operational read access for ACTIVE accounts; route gate alone does not prove the read model’s runtime outcome.","No action implied by link/page. Owning use case enforces permission, scope, state, SoD, version, signature, and business rules."
"RT-QUAR-001","/quarantine","src/pages/quarantine/index.astro","Quarantine / Quarantine dashboard","Employee","Visible to ACTIVE account","Allowed by page gate for ACTIVE authenticated account","AVD-004 declares ordinary operational read access for ACTIVE accounts; route gate alone does not prove the read model’s runtime outcome.","No action implied by link/page. Owning use case enforces permission, scope, state, SoD, version, signature, and business rules."
"RT-QUAR-001","/quarantine","src/pages/quarantine/index.astro","Quarantine / Quarantine dashboard","Supervisor","Visible to ACTIVE account","Allowed by page gate for ACTIVE authenticated account","AVD-004 declares ordinary operational read access for ACTIVE accounts; route gate alone does not prove the read model’s runtime outcome.","No action implied by link/page. Owning use case enforces permission, scope, state, SoD, version, signature, and business rules."
"RT-QUAR-001","/quarantine","src/pages/quarantine/index.astro","Quarantine / Quarantine dashboard","Manager","Visible to ACTIVE account","Allowed by page gate for ACTIVE authenticated account","AVD-004 declares ordinary operational read access for ACTIVE accounts; route gate alone does not prove the read model’s runtime outcome.","No action implied by link/page. Owning use case enforces permission, scope, state, SoD, version, signature, and business rules."
"RT-QUAR-001","/quarantine","src/pages/quarantine/index.astro","Quarantine / Quarantine dashboard","Admin","Visible to ACTIVE account","Allowed by page gate for ACTIVE authenticated account","AVD-004 declares ordinary operational read access for ACTIVE accounts; route gate alone does not prove the read model’s runtime outcome.","No action implied by link/page. Owning use case enforces permission, scope, state, SoD, version, signature, and business rules."
"RT-QUAR-001","/quarantine","src/pages/quarantine/index.astro","Quarantine / Quarantine dashboard","yazeed","Visible to ACTIVE account","Allowed by page gate for ACTIVE authenticated account","AVD-004 declares ordinary operational read access for ACTIVE accounts; route gate alone does not prove the read model’s runtime outcome.","No action implied by link/page. Owning use case enforces permission, scope, state, SoD, version, signature, and business rules."
"RT-REC-001","/quarantine/receiving","src/pages/quarantine/receiving/index.astro","Quarantine / Receiving items","Employee","Visible to ACTIVE account","Allowed by page gate for ACTIVE authenticated account","AVD-004 declares ordinary operational read access for ACTIVE accounts; route gate alone does not prove the read model’s runtime outcome.","No action implied by link/page. Owning use case enforces permission, scope, state, SoD, version, signature, and business rules."
"RT-REC-001","/quarantine/receiving","src/pages/quarantine/receiving/index.astro","Quarantine / Receiving items","Supervisor","Visible to ACTIVE account","Allowed by page gate for ACTIVE authenticated account","AVD-004 declares ordinary operational read access for ACTIVE accounts; route gate alone does not prove the read model’s runtime outcome.","No action implied by link/page. Owning use case enforces permission, scope, state, SoD, version, signature, and business rules."
"RT-REC-001","/quarantine/receiving","src/pages/quarantine/receiving/index.astro","Quarantine / Receiving items","Manager","Visible to ACTIVE account","Allowed by page gate for ACTIVE authenticated account","AVD-004 declares ordinary operational read access for ACTIVE accounts; route gate alone does not prove the read model’s runtime outcome.","No action implied by link/page. Owning use case enforces permission, scope, state, SoD, version, signature, and business rules."
"RT-REC-001","/quarantine/receiving","src/pages/quarantine/receiving/index.astro","Quarantine / Receiving items","Admin","Visible to ACTIVE account","Allowed by page gate for ACTIVE authenticated account","AVD-004 declares ordinary operational read access for ACTIVE accounts; route gate alone does not prove the read model’s runtime outcome.","No action implied by link/page. Owning use case enforces permission, scope, state, SoD, version, signature, and business rules."
"RT-REC-001","/quarantine/receiving","src/pages/quarantine/receiving/index.astro","Quarantine / Receiving items","yazeed","Visible to ACTIVE account","Allowed by page gate for ACTIVE authenticated account","AVD-004 declares ordinary operational read access for ACTIVE accounts; route gate alone does not prove the read model’s runtime outcome.","No action implied by link/page. Owning use case enforces permission, scope, state, SoD, version, signature, and business rules."
"RT-REC-002","/quarantine/receiving/new","src/pages/quarantine/receiving/new.astro","No primary-nav item; contextual links/direct route","Employee","Visible to ACTIVE account","Allowed by page gate for ACTIVE authenticated account","AVD-004 declares ordinary operational read access for ACTIVE accounts; route gate alone does not prove the read model’s runtime outcome.","No action implied by link/page. Owning use case enforces permission, scope, state, SoD, version, signature, and business rules."
"RT-REC-002","/quarantine/receiving/new","src/pages/quarantine/receiving/new.astro","No primary-nav item; contextual links/direct route","Supervisor","Visible to ACTIVE account","Allowed by page gate for ACTIVE authenticated account","AVD-004 declares ordinary operational read access for ACTIVE accounts; route gate alone does not prove the read model’s runtime outcome.","No action implied by link/page. Owning use case enforces permission, scope, state, SoD, version, signature, and business rules."
"RT-REC-002","/quarantine/receiving/new","src/pages/quarantine/receiving/new.astro","No primary-nav item; contextual links/direct route","Manager","Visible to ACTIVE account","Allowed by page gate for ACTIVE authenticated account","AVD-004 declares ordinary operational read access for ACTIVE accounts; route gate alone does not prove the read model’s runtime outcome.","No action implied by link/page. Owning use case enforces permission, scope, state, SoD, version, signature, and business rules."
"RT-REC-002","/quarantine/receiving/new","src/pages/quarantine/receiving/new.astro","No primary-nav item; contextual links/direct route","Admin","Visible to ACTIVE account","Allowed by page gate for ACTIVE authenticated account","AVD-004 declares ordinary operational read access for ACTIVE accounts; route gate alone does not prove the read model’s runtime outcome.","No action implied by link/page. Owning use case enforces permission, scope, state, SoD, version, signature, and business rules."
"RT-REC-002","/quarantine/receiving/new","src/pages/quarantine/receiving/new.astro","No primary-nav item; contextual links/direct route","yazeed","Visible to ACTIVE account","Allowed by page gate for ACTIVE authenticated account","AVD-004 declares ordinary operational read access for ACTIVE accounts; route gate alone does not prove the read model’s runtime outcome.","No action implied by link/page. Owning use case enforces permission, scope, state, SoD, version, signature, and business rules."
"RT-REC-003","/quarantine/receiving/[receivingId]","src/pages/quarantine/receiving/[receivingId].astro","No primary-nav item; contextual links/direct route","Employee","Visible to ACTIVE account","Allowed by page gate for ACTIVE authenticated account","AVD-004 declares ordinary operational read access for ACTIVE accounts; route gate alone does not prove the read model’s runtime outcome.","No action implied by link/page. Owning use case enforces permission, scope, state, SoD, version, signature, and business rules."
"RT-REC-003","/quarantine/receiving/[receivingId]","src/pages/quarantine/receiving/[receivingId].astro","No primary-nav item; contextual links/direct route","Supervisor","Visible to ACTIVE account","Allowed by page gate for ACTIVE authenticated account","AVD-004 declares ordinary operational read access for ACTIVE accounts; route gate alone does not prove the read model’s runtime outcome.","No action implied by link/page. Owning use case enforces permission, scope, state, SoD, version, signature, and business rules."
"RT-REC-003","/quarantine/receiving/[receivingId]","src/pages/quarantine/receiving/[receivingId].astro","No primary-nav item; contextual links/direct route","Manager","Visible to ACTIVE account","Allowed by page gate for ACTIVE authenticated account","AVD-004 declares ordinary operational read access for ACTIVE accounts; route gate alone does not prove the read model’s runtime outcome.","No action implied by link/page. Owning use case enforces permission, scope, state, SoD, version, signature, and business rules."
"RT-REC-003","/quarantine/receiving/[receivingId]","src/pages/quarantine/receiving/[receivingId].astro","No primary-nav item; contextual links/direct route","Admin","Visible to ACTIVE account","Allowed by page gate for ACTIVE authenticated account","AVD-004 declares ordinary operational read access for ACTIVE accounts; route gate alone does not prove the read model’s runtime outcome.","No action implied by link/page. Owning use case enforces permission, scope, state, SoD, version, signature, and business rules."
"RT-REC-003","/quarantine/receiving/[receivingId]","src/pages/quarantine/receiving/[receivingId].astro","No primary-nav item; contextual links/direct route","yazeed","Visible to ACTIVE account","Allowed by page gate for ACTIVE authenticated account","AVD-004 declares ordinary operational read access for ACTIVE accounts; route gate alone does not prove the read model’s runtime outcome.","No action implied by link/page. Owning use case enforces permission, scope, state, SoD, version, signature, and business rules."
"RT-INSP-001","/quarantine/inspections","src/pages/quarantine/inspections/index.astro","Quarantine / Inspection reports","Employee","Visible to ACTIVE account","Allowed by page gate for ACTIVE authenticated account","AVD-004 declares ordinary operational read access for ACTIVE accounts; route gate alone does not prove the read model’s runtime outcome.","No action implied by link/page. Owning use case enforces permission, scope, state, SoD, version, signature, and business rules."
"RT-INSP-001","/quarantine/inspections","src/pages/quarantine/inspections/index.astro","Quarantine / Inspection reports","Supervisor","Visible to ACTIVE account","Allowed by page gate for ACTIVE authenticated account","AVD-004 declares ordinary operational read access for ACTIVE accounts; route gate alone does not prove the read model’s runtime outcome.","No action implied by link/page. Owning use case enforces permission, scope, state, SoD, version, signature, and business rules."
"RT-INSP-001","/quarantine/inspections","src/pages/quarantine/inspections/index.astro","Quarantine / Inspection reports","Manager","Visible to ACTIVE account","Allowed by page gate for ACTIVE authenticated account","AVD-004 declares ordinary operational read access for ACTIVE accounts; route gate alone does not prove the read model’s runtime outcome.","No action implied by link/page. Owning use case enforces permission, scope, state, SoD, version, signature, and business rules."
"RT-INSP-001","/quarantine/inspections","src/pages/quarantine/inspections/index.astro","Quarantine / Inspection reports","Admin","Visible to ACTIVE account","Allowed by page gate for ACTIVE authenticated account","AVD-004 declares ordinary operational read access for ACTIVE accounts; route gate alone does not prove the read model’s runtime outcome.","No action implied by link/page. Owning use case enforces permission, scope, state, SoD, version, signature, and business rules."
"RT-INSP-001","/quarantine/inspections","src/pages/quarantine/inspections/index.astro","Quarantine / Inspection reports","yazeed","Visible to ACTIVE account","Allowed by page gate for ACTIVE authenticated account","AVD-004 declares ordinary operational read access for ACTIVE accounts; route gate alone does not prove the read model’s runtime outcome.","No action implied by link/page. Owning use case enforces permission, scope, state, SoD, version, signature, and business rules."
"RT-INSP-002","/quarantine/inspections/[inspectionId]","src/pages/quarantine/inspections/[inspectionId]/index.astro","No primary-nav item; contextual links/direct route","Employee","Visible to ACTIVE account","Allowed by page gate for ACTIVE authenticated account","AVD-004 declares ordinary operational read access for ACTIVE accounts; route gate alone does not prove the read model’s runtime outcome.","No action implied by link/page. Owning use case enforces permission, scope, state, SoD, version, signature, and business rules."
"RT-INSP-002","/quarantine/inspections/[inspectionId]","src/pages/quarantine/inspections/[inspectionId]/index.astro","No primary-nav item; contextual links/direct route","Supervisor","Visible to ACTIVE account","Allowed by page gate for ACTIVE authenticated account","AVD-004 declares ordinary operational read access for ACTIVE accounts; route gate alone does not prove the read model’s runtime outcome.","No action implied by link/page. Owning use case enforces permission, scope, state, SoD, version, signature, and business rules."
"RT-INSP-002","/quarantine/inspections/[inspectionId]","src/pages/quarantine/inspections/[inspectionId]/index.astro","No primary-nav item; contextual links/direct route","Manager","Visible to ACTIVE account","Allowed by page gate for ACTIVE authenticated account","AVD-004 declares ordinary operational read access for ACTIVE accounts; route gate alone does not prove the read model’s runtime outcome.","No action implied by link/page. Owning use case enforces permission, scope, state, SoD, version, signature, and business rules."
"RT-INSP-002","/quarantine/inspections/[inspectionId]","src/pages/quarantine/inspections/[inspectionId]/index.astro","No primary-nav item; contextual links/direct route","Admin","Visible to ACTIVE account","Allowed by page gate for ACTIVE authenticated account","AVD-004 declares ordinary operational read access for ACTIVE accounts; route gate alone does not prove the read model’s runtime outcome.","No action implied by link/page. Owning use case enforces permission, scope, state, SoD, version, signature, and business rules."
"RT-INSP-002","/quarantine/inspections/[inspectionId]","src/pages/quarantine/inspections/[inspectionId]/index.astro","No primary-nav item; contextual links/direct route","yazeed","Visible to ACTIVE account","Allowed by page gate for ACTIVE authenticated account","AVD-004 declares ordinary operational read access for ACTIVE accounts; route gate alone does not prove the read model’s runtime outcome.","No action implied by link/page. Owning use case enforces permission, scope, state, SoD, version, signature, and business rules."
"RT-INSP-003","/quarantine/inspections/[inspectionId]/execute","src/pages/quarantine/inspections/[inspectionId]/execute.astro","No primary-nav item; contextual links/direct route","Employee","Visible to ACTIVE account","Allowed by page gate for ACTIVE authenticated account","AVD-004 declares ordinary operational read access for ACTIVE accounts; route gate alone does not prove the read model’s runtime outcome.","No action implied by link/page. Owning use case enforces permission, scope, state, SoD, version, signature, and business rules."
"RT-INSP-003","/quarantine/inspections/[inspectionId]/execute","src/pages/quarantine/inspections/[inspectionId]/execute.astro","No primary-nav item; contextual links/direct route","Supervisor","Visible to ACTIVE account","Allowed by page gate for ACTIVE authenticated account","AVD-004 declares ordinary operational read access for ACTIVE accounts; route gate alone does not prove the read model’s runtime outcome.","No action implied by link/page. Owning use case enforces permission, scope, state, SoD, version, signature, and business rules."
"RT-INSP-003","/quarantine/inspections/[inspectionId]/execute","src/pages/quarantine/inspections/[inspectionId]/execute.astro","No primary-nav item; contextual links/direct route","Manager","Visible to ACTIVE account","Allowed by page gate for ACTIVE authenticated account","AVD-004 declares ordinary operational read access for ACTIVE accounts; route gate alone does not prove the read model’s runtime outcome.","No action implied by link/page. Owning use case enforces permission, scope, state, SoD, version, signature, and business rules."
"RT-INSP-003","/quarantine/inspections/[inspectionId]/execute","src/pages/quarantine/inspections/[inspectionId]/execute.astro","No primary-nav item; contextual links/direct route","Admin","Visible to ACTIVE account","Allowed by page gate for ACTIVE authenticated account","AVD-004 declares ordinary operational read access for ACTIVE accounts; route gate alone does not prove the read model’s runtime outcome.","No action implied by link/page. Owning use case enforces permission, scope, state, SoD, version, signature, and business rules."
"RT-INSP-003","/quarantine/inspections/[inspectionId]/execute","src/pages/quarantine/inspections/[inspectionId]/execute.astro","No primary-nav item; contextual links/direct route","yazeed","Visible to ACTIVE account","Allowed by page gate for ACTIVE authenticated account","AVD-004 declares ordinary operational read access for ACTIVE accounts; route gate alone does not prove the read model’s runtime outcome.","No action implied by link/page. Owning use case enforces permission, scope, state, SoD, version, signature, and business rules."
"RT-INSP-004","/quarantine/inspections/[inspectionId]/review","src/pages/quarantine/inspections/[inspectionId]/review.astro","No primary-nav item; contextual links/direct route","Employee","Visible to ACTIVE account","Allowed by page gate for ACTIVE authenticated account","AVD-004 declares ordinary operational read access for ACTIVE accounts; route gate alone does not prove the read model’s runtime outcome.","No action implied by link/page. Owning use case enforces permission, scope, state, SoD, version, signature, and business rules."
"RT-INSP-004","/quarantine/inspections/[inspectionId]/review","src/pages/quarantine/inspections/[inspectionId]/review.astro","No primary-nav item; contextual links/direct route","Supervisor","Visible to ACTIVE account","Allowed by page gate for ACTIVE authenticated account","AVD-004 declares ordinary operational read access for ACTIVE accounts; route gate alone does not prove the read model’s runtime outcome.","No action implied by link/page. Owning use case enforces permission, scope, state, SoD, version, signature, and business rules."
"RT-INSP-004","/quarantine/inspections/[inspectionId]/review","src/pages/quarantine/inspections/[inspectionId]/review.astro","No primary-nav item; contextual links/direct route","Manager","Visible to ACTIVE account","Allowed by page gate for ACTIVE authenticated account","AVD-004 declares ordinary operational read access for ACTIVE accounts; route gate alone does not prove the read model’s runtime outcome.","No action implied by link/page. Owning use case enforces permission, scope, state, SoD, version, signature, and business rules."
"RT-INSP-004","/quarantine/inspections/[inspectionId]/review","src/pages/quarantine/inspections/[inspectionId]/review.astro","No primary-nav item; contextual links/direct route","Admin","Visible to ACTIVE account","Allowed by page gate for ACTIVE authenticated account","AVD-004 declares ordinary operational read access for ACTIVE accounts; route gate alone does not prove the read model’s runtime outcome.","No action implied by link/page. Owning use case enforces permission, scope, state, SoD, version, signature, and business rules."
"RT-INSP-004","/quarantine/inspections/[inspectionId]/review","src/pages/quarantine/inspections/[inspectionId]/review.astro","No primary-nav item; contextual links/direct route","yazeed","Visible to ACTIVE account","Allowed by page gate for ACTIVE authenticated account","AVD-004 declares ordinary operational read access for ACTIVE accounts; route gate alone does not prove the read model’s runtime outcome.","No action implied by link/page. Owning use case enforces permission, scope, state, SoD, version, signature, and business rules."
"RT-QUAR-002","/quarantine/admin","src/pages/quarantine/admin/index.astro","Quarantine / Quarantine administration","Employee","Visible to ACTIVE account","Allowed by page gate for ACTIVE authenticated account","AVD-004 declares ordinary operational read access for ACTIVE accounts; route gate alone does not prove the read model’s runtime outcome.","No action implied by link/page. Owning use case enforces permission, scope, state, SoD, version, signature, and business rules."
"RT-QUAR-002","/quarantine/admin","src/pages/quarantine/admin/index.astro","Quarantine / Quarantine administration","Supervisor","Visible to ACTIVE account","Allowed by page gate for ACTIVE authenticated account","AVD-004 declares ordinary operational read access for ACTIVE accounts; route gate alone does not prove the read model’s runtime outcome.","No action implied by link/page. Owning use case enforces permission, scope, state, SoD, version, signature, and business rules."
"RT-QUAR-002","/quarantine/admin","src/pages/quarantine/admin/index.astro","Quarantine / Quarantine administration","Manager","Visible to ACTIVE account","Allowed by page gate for ACTIVE authenticated account","AVD-004 declares ordinary operational read access for ACTIVE accounts; route gate alone does not prove the read model’s runtime outcome.","No action implied by link/page. Owning use case enforces permission, scope, state, SoD, version, signature, and business rules."
"RT-QUAR-002","/quarantine/admin","src/pages/quarantine/admin/index.astro","Quarantine / Quarantine administration","Admin","Visible to ACTIVE account","Allowed by page gate for ACTIVE authenticated account","AVD-004 declares ordinary operational read access for ACTIVE accounts; route gate alone does not prove the read model’s runtime outcome.","No action implied by link/page. Owning use case enforces permission, scope, state, SoD, version, signature, and business rules."
"RT-QUAR-002","/quarantine/admin","src/pages/quarantine/admin/index.astro","Quarantine / Quarantine administration","yazeed","Visible to ACTIVE account","Allowed by page gate for ACTIVE authenticated account","AVD-004 declares ordinary operational read access for ACTIVE accounts; route gate alone does not prove the read model’s runtime outcome.","No action implied by link/page. Owning use case enforces permission, scope, state, SoD, version, signature, and business rules."
"RT-LAB-001","/laboratory","src/pages/laboratory/index.astro","No primary-nav item; contextual links/direct route","Employee","Visible to ACTIVE account","Allowed by page gate for ACTIVE authenticated account","AVD-004 declares ordinary operational read access for ACTIVE accounts; route gate alone does not prove the read model’s runtime outcome.","No action implied by link/page. Owning use case enforces permission, scope, state, SoD, version, signature, and business rules."
"RT-LAB-001","/laboratory","src/pages/laboratory/index.astro","No primary-nav item; contextual links/direct route","Supervisor","Visible to ACTIVE account","Allowed by page gate for ACTIVE authenticated account","AVD-004 declares ordinary operational read access for ACTIVE accounts; route gate alone does not prove the read model’s runtime outcome.","No action implied by link/page. Owning use case enforces permission, scope, state, SoD, version, signature, and business rules."
"RT-LAB-001","/laboratory","src/pages/laboratory/index.astro","No primary-nav item; contextual links/direct route","Manager","Visible to ACTIVE account","Allowed by page gate for ACTIVE authenticated account","AVD-004 declares ordinary operational read access for ACTIVE accounts; route gate alone does not prove the read model’s runtime outcome.","No action implied by link/page. Owning use case enforces permission, scope, state, SoD, version, signature, and business rules."
"RT-LAB-001","/laboratory","src/pages/laboratory/index.astro","No primary-nav item; contextual links/direct route","Admin","Visible to ACTIVE account","Allowed by page gate for ACTIVE authenticated account","AVD-004 declares ordinary operational read access for ACTIVE accounts; route gate alone does not prove the read model’s runtime outcome.","No action implied by link/page. Owning use case enforces permission, scope, state, SoD, version, signature, and business rules."
"RT-LAB-001","/laboratory","src/pages/laboratory/index.astro","No primary-nav item; contextual links/direct route","yazeed","Visible to ACTIVE account","Allowed by page gate for ACTIVE authenticated account","AVD-004 declares ordinary operational read access for ACTIVE accounts; route gate alone does not prove the read model’s runtime outcome.","No action implied by link/page. Owning use case enforces permission, scope, state, SoD, version, signature, and business rules."
"RT-LAB-002","/laboratory/tests","src/pages/laboratory/tests/index.astro","Laboratory / Laboratory tests","Employee","Visible to ACTIVE account","Allowed by page gate for ACTIVE authenticated account","AVD-004 declares ordinary operational read access for ACTIVE accounts; route gate alone does not prove the read model’s runtime outcome.","No action implied by link/page. Owning use case enforces permission, scope, state, SoD, version, signature, and business rules."
"RT-LAB-002","/laboratory/tests","src/pages/laboratory/tests/index.astro","Laboratory / Laboratory tests","Supervisor","Visible to ACTIVE account","Allowed by page gate for ACTIVE authenticated account","AVD-004 declares ordinary operational read access for ACTIVE accounts; route gate alone does not prove the read model’s runtime outcome.","No action implied by link/page. Owning use case enforces permission, scope, state, SoD, version, signature, and business rules."
"RT-LAB-002","/laboratory/tests","src/pages/laboratory/tests/index.astro","Laboratory / Laboratory tests","Manager","Visible to ACTIVE account","Allowed by page gate for ACTIVE authenticated account","AVD-004 declares ordinary operational read access for ACTIVE accounts; route gate alone does not prove the read model’s runtime outcome.","No action implied by link/page. Owning use case enforces permission, scope, state, SoD, version, signature, and business rules."
"RT-LAB-002","/laboratory/tests","src/pages/laboratory/tests/index.astro","Laboratory / Laboratory tests","Admin","Visible to ACTIVE account","Allowed by page gate for ACTIVE authenticated account","AVD-004 declares ordinary operational read access for ACTIVE accounts; route gate alone does not prove the read model’s runtime outcome.","No action implied by link/page. Owning use case enforces permission, scope, state, SoD, version, signature, and business rules."
"RT-LAB-002","/laboratory/tests","src/pages/laboratory/tests/index.astro","Laboratory / Laboratory tests","yazeed","Visible to ACTIVE account","Allowed by page gate for ACTIVE authenticated account","AVD-004 declares ordinary operational read access for ACTIVE accounts; route gate alone does not prove the read model’s runtime outcome.","No action implied by link/page. Owning use case enforces permission, scope, state, SoD, version, signature, and business rules."
"RT-LAB-003","/laboratory/tests/new","src/pages/laboratory/tests/new.astro","No primary-nav item; contextual links/direct route","Employee","Visible to ACTIVE account","Allowed by page gate for ACTIVE authenticated account","AVD-004 declares ordinary operational read access for ACTIVE accounts; route gate alone does not prove the read model’s runtime outcome.","No action implied by link/page. Owning use case enforces permission, scope, state, SoD, version, signature, and business rules."
"RT-LAB-003","/laboratory/tests/new","src/pages/laboratory/tests/new.astro","No primary-nav item; contextual links/direct route","Supervisor","Visible to ACTIVE account","Allowed by page gate for ACTIVE authenticated account","AVD-004 declares ordinary operational read access for ACTIVE accounts; route gate alone does not prove the read model’s runtime outcome.","No action implied by link/page. Owning use case enforces permission, scope, state, SoD, version, signature, and business rules."
"RT-LAB-003","/laboratory/tests/new","src/pages/laboratory/tests/new.astro","No primary-nav item; contextual links/direct route","Manager","Visible to ACTIVE account","Allowed by page gate for ACTIVE authenticated account","AVD-004 declares ordinary operational read access for ACTIVE accounts; route gate alone does not prove the read model’s runtime outcome.","No action implied by link/page. Owning use case enforces permission, scope, state, SoD, version, signature, and business rules."
"RT-LAB-003","/laboratory/tests/new","src/pages/laboratory/tests/new.astro","No primary-nav item; contextual links/direct route","Admin","Visible to ACTIVE account","Allowed by page gate for ACTIVE authenticated account","AVD-004 declares ordinary operational read access for ACTIVE accounts; route gate alone does not prove the read model’s runtime outcome.","No action implied by link/page. Owning use case enforces permission, scope, state, SoD, version, signature, and business rules."
"RT-LAB-003","/laboratory/tests/new","src/pages/laboratory/tests/new.astro","No primary-nav item; contextual links/direct route","yazeed","Visible to ACTIVE account","Allowed by page gate for ACTIVE authenticated account","AVD-004 declares ordinary operational read access for ACTIVE accounts; route gate alone does not prove the read model’s runtime outcome.","No action implied by link/page. Owning use case enforces permission, scope, state, SoD, version, signature, and business rules."
"RT-LAB-004","/laboratory/tests/[labTestId]","src/pages/laboratory/tests/[labTestId]/index.astro","No primary-nav item; contextual links/direct route","Employee","Visible to ACTIVE account","Allowed by page gate for ACTIVE authenticated account","AVD-004 declares ordinary operational read access for ACTIVE accounts; route gate alone does not prove the read model’s runtime outcome.","No action implied by link/page. Owning use case enforces permission, scope, state, SoD, version, signature, and business rules."
"RT-LAB-004","/laboratory/tests/[labTestId]","src/pages/laboratory/tests/[labTestId]/index.astro","No primary-nav item; contextual links/direct route","Supervisor","Visible to ACTIVE account","Allowed by page gate for ACTIVE authenticated account","AVD-004 declares ordinary operational read access for ACTIVE accounts; route gate alone does not prove the read model’s runtime outcome.","No action implied by link/page. Owning use case enforces permission, scope, state, SoD, version, signature, and business rules."
"RT-LAB-004","/laboratory/tests/[labTestId]","src/pages/laboratory/tests/[labTestId]/index.astro","No primary-nav item; contextual links/direct route","Manager","Visible to ACTIVE account","Allowed by page gate for ACTIVE authenticated account","AVD-004 declares ordinary operational read access for ACTIVE accounts; route gate alone does not prove the read model’s runtime outcome.","No action implied by link/page. Owning use case enforces permission, scope, state, SoD, version, signature, and business rules."
"RT-LAB-004","/laboratory/tests/[labTestId]","src/pages/laboratory/tests/[labTestId]/index.astro","No primary-nav item; contextual links/direct route","Admin","Visible to ACTIVE account","Allowed by page gate for ACTIVE authenticated account","AVD-004 declares ordinary operational read access for ACTIVE accounts; route gate alone does not prove the read model’s runtime outcome.","No action implied by link/page. Owning use case enforces permission, scope, state, SoD, version, signature, and business rules."
"RT-LAB-004","/laboratory/tests/[labTestId]","src/pages/laboratory/tests/[labTestId]/index.astro","No primary-nav item; contextual links/direct route","yazeed","Visible to ACTIVE account","Allowed by page gate for ACTIVE authenticated account","AVD-004 declares ordinary operational read access for ACTIVE accounts; route gate alone does not prove the read model’s runtime outcome.","No action implied by link/page. Owning use case enforces permission, scope, state, SoD, version, signature, and business rules."
"RT-LAB-005","/laboratory/tests/[labTestId]/execute","src/pages/laboratory/tests/[labTestId]/execute.astro","No primary-nav item; contextual links/direct route","Employee","Visible to ACTIVE account","Allowed by page gate for ACTIVE authenticated account","AVD-004 declares ordinary operational read access for ACTIVE accounts; route gate alone does not prove the read model’s runtime outcome.","No action implied by link/page. Owning use case enforces permission, scope, state, SoD, version, signature, and business rules."
"RT-LAB-005","/laboratory/tests/[labTestId]/execute","src/pages/laboratory/tests/[labTestId]/execute.astro","No primary-nav item; contextual links/direct route","Supervisor","Visible to ACTIVE account","Allowed by page gate for ACTIVE authenticated account","AVD-004 declares ordinary operational read access for ACTIVE accounts; route gate alone does not prove the read model’s runtime outcome.","No action implied by link/page. Owning use case enforces permission, scope, state, SoD, version, signature, and business rules."
"RT-LAB-005","/laboratory/tests/[labTestId]/execute","src/pages/laboratory/tests/[labTestId]/execute.astro","No primary-nav item; contextual links/direct route","Manager","Visible to ACTIVE account","Allowed by page gate for ACTIVE authenticated account","AVD-004 declares ordinary operational read access for ACTIVE accounts; route gate alone does not prove the read model’s runtime outcome.","No action implied by link/page. Owning use case enforces permission, scope, state, SoD, version, signature, and business rules."
"RT-LAB-005","/laboratory/tests/[labTestId]/execute","src/pages/laboratory/tests/[labTestId]/execute.astro","No primary-nav item; contextual links/direct route","Admin","Visible to ACTIVE account","Allowed by page gate for ACTIVE authenticated account","AVD-004 declares ordinary operational read access for ACTIVE accounts; route gate alone does not prove the read model’s runtime outcome.","No action implied by link/page. Owning use case enforces permission, scope, state, SoD, version, signature, and business rules."
"RT-LAB-005","/laboratory/tests/[labTestId]/execute","src/pages/laboratory/tests/[labTestId]/execute.astro","No primary-nav item; contextual links/direct route","yazeed","Visible to ACTIVE account","Allowed by page gate for ACTIVE authenticated account","AVD-004 declares ordinary operational read access for ACTIVE accounts; route gate alone does not prove the read model’s runtime outcome.","No action implied by link/page. Owning use case enforces permission, scope, state, SoD, version, signature, and business rules."
"RT-LAB-006","/laboratory/tests/[labTestId]/review","src/pages/laboratory/tests/[labTestId]/review.astro","No primary-nav item; contextual links/direct route","Employee","Visible to ACTIVE account","Allowed by page gate for ACTIVE authenticated account","AVD-004 declares ordinary operational read access for ACTIVE accounts; route gate alone does not prove the read model’s runtime outcome.","No action implied by link/page. Owning use case enforces permission, scope, state, SoD, version, signature, and business rules."
"RT-LAB-006","/laboratory/tests/[labTestId]/review","src/pages/laboratory/tests/[labTestId]/review.astro","No primary-nav item; contextual links/direct route","Supervisor","Visible to ACTIVE account","Allowed by page gate for ACTIVE authenticated account","AVD-004 declares ordinary operational read access for ACTIVE accounts; route gate alone does not prove the read model’s runtime outcome.","No action implied by link/page. Owning use case enforces permission, scope, state, SoD, version, signature, and business rules."
"RT-LAB-006","/laboratory/tests/[labTestId]/review","src/pages/laboratory/tests/[labTestId]/review.astro","No primary-nav item; contextual links/direct route","Manager","Visible to ACTIVE account","Allowed by page gate for ACTIVE authenticated account","AVD-004 declares ordinary operational read access for ACTIVE accounts; route gate alone does not prove the read model’s runtime outcome.","No action implied by link/page. Owning use case enforces permission, scope, state, SoD, version, signature, and business rules."
"RT-LAB-006","/laboratory/tests/[labTestId]/review","src/pages/laboratory/tests/[labTestId]/review.astro","No primary-nav item; contextual links/direct route","Admin","Visible to ACTIVE account","Allowed by page gate for ACTIVE authenticated account","AVD-004 declares ordinary operational read access for ACTIVE accounts; route gate alone does not prove the read model’s runtime outcome.","No action implied by link/page. Owning use case enforces permission, scope, state, SoD, version, signature, and business rules."
"RT-LAB-006","/laboratory/tests/[labTestId]/review","src/pages/laboratory/tests/[labTestId]/review.astro","No primary-nav item; contextual links/direct route","yazeed","Visible to ACTIVE account","Allowed by page gate for ACTIVE authenticated account","AVD-004 declares ordinary operational read access for ACTIVE accounts; route gate alone does not prove the read model’s runtime outcome.","No action implied by link/page. Owning use case enforces permission, scope, state, SoD, version, signature, and business rules."
"RT-LAB-007","/laboratory/tests/[labTestId]/retests/new","src/pages/laboratory/tests/[labTestId]/retests/new.astro","No primary-nav item; contextual links/direct route","Employee","Visible to ACTIVE account","Allowed by page gate for ACTIVE authenticated account","AVD-004 declares ordinary operational read access for ACTIVE accounts; route gate alone does not prove the read model’s runtime outcome.","No action implied by link/page. Owning use case enforces permission, scope, state, SoD, version, signature, and business rules."
"RT-LAB-007","/laboratory/tests/[labTestId]/retests/new","src/pages/laboratory/tests/[labTestId]/retests/new.astro","No primary-nav item; contextual links/direct route","Supervisor","Visible to ACTIVE account","Allowed by page gate for ACTIVE authenticated account","AVD-004 declares ordinary operational read access for ACTIVE accounts; route gate alone does not prove the read model’s runtime outcome.","No action implied by link/page. Owning use case enforces permission, scope, state, SoD, version, signature, and business rules."
"RT-LAB-007","/laboratory/tests/[labTestId]/retests/new","src/pages/laboratory/tests/[labTestId]/retests/new.astro","No primary-nav item; contextual links/direct route","Manager","Visible to ACTIVE account","Allowed by page gate for ACTIVE authenticated account","AVD-004 declares ordinary operational read access for ACTIVE accounts; route gate alone does not prove the read model’s runtime outcome.","No action implied by link/page. Owning use case enforces permission, scope, state, SoD, version, signature, and business rules."
"RT-LAB-007","/laboratory/tests/[labTestId]/retests/new","src/pages/laboratory/tests/[labTestId]/retests/new.astro","No primary-nav item; contextual links/direct route","Admin","Visible to ACTIVE account","Allowed by page gate for ACTIVE authenticated account","AVD-004 declares ordinary operational read access for ACTIVE accounts; route gate alone does not prove the read model’s runtime outcome.","No action implied by link/page. Owning use case enforces permission, scope, state, SoD, version, signature, and business rules."
"RT-LAB-007","/laboratory/tests/[labTestId]/retests/new","src/pages/laboratory/tests/[labTestId]/retests/new.astro","No primary-nav item; contextual links/direct route","yazeed","Visible to ACTIVE account","Allowed by page gate for ACTIVE authenticated account","AVD-004 declares ordinary operational read access for ACTIVE accounts; route gate alone does not prove the read model’s runtime outcome.","No action implied by link/page. Owning use case enforces permission, scope, state, SoD, version, signature, and business rules."
"RT-ASSET-001","/assets","src/pages/assets/index.astro","No primary-nav item; contextual links/direct route","Employee","Visible to ACTIVE account","Allowed by page gate for ACTIVE authenticated account","AVD-004 declares ordinary operational read access for ACTIVE accounts; route gate alone does not prove the read model’s runtime outcome.","No action implied by link/page. Owning use case enforces permission, scope, state, SoD, version, signature, and business rules."
"RT-ASSET-001","/assets","src/pages/assets/index.astro","No primary-nav item; contextual links/direct route","Supervisor","Visible to ACTIVE account","Allowed by page gate for ACTIVE authenticated account","AVD-004 declares ordinary operational read access for ACTIVE accounts; route gate alone does not prove the read model’s runtime outcome.","No action implied by link/page. Owning use case enforces permission, scope, state, SoD, version, signature, and business rules."
"RT-ASSET-001","/assets","src/pages/assets/index.astro","No primary-nav item; contextual links/direct route","Manager","Visible to ACTIVE account","Allowed by page gate for ACTIVE authenticated account","AVD-004 declares ordinary operational read access for ACTIVE accounts; route gate alone does not prove the read model’s runtime outcome.","No action implied by link/page. Owning use case enforces permission, scope, state, SoD, version, signature, and business rules."
"RT-ASSET-001","/assets","src/pages/assets/index.astro","No primary-nav item; contextual links/direct route","Admin","Visible to ACTIVE account","Allowed by page gate for ACTIVE authenticated account","AVD-004 declares ordinary operational read access for ACTIVE accounts; route gate alone does not prove the read model’s runtime outcome.","No action implied by link/page. Owning use case enforces permission, scope, state, SoD, version, signature, and business rules."
"RT-ASSET-001","/assets","src/pages/assets/index.astro","No primary-nav item; contextual links/direct route","yazeed","Visible to ACTIVE account","Allowed by page gate for ACTIVE authenticated account","AVD-004 declares ordinary operational read access for ACTIVE accounts; route gate alone does not prove the read model’s runtime outcome.","No action implied by link/page. Owning use case enforces permission, scope, state, SoD, version, signature, and business rules."
"RT-EQUIP-001","/assets/equipment","src/pages/assets/equipment/index.astro","Assets / Equipment","Employee","Visible to ACTIVE account","Allowed by page gate for ACTIVE authenticated account","AVD-004 declares ordinary operational read access for ACTIVE accounts; route gate alone does not prove the read model’s runtime outcome.","No action implied by link/page. Owning use case enforces permission, scope, state, SoD, version, signature, and business rules."
"RT-EQUIP-001","/assets/equipment","src/pages/assets/equipment/index.astro","Assets / Equipment","Supervisor","Visible to ACTIVE account","Allowed by page gate for ACTIVE authenticated account","AVD-004 declares ordinary operational read access for ACTIVE accounts; route gate alone does not prove the read model’s runtime outcome.","No action implied by link/page. Owning use case enforces permission, scope, state, SoD, version, signature, and business rules."
"RT-EQUIP-001","/assets/equipment","src/pages/assets/equipment/index.astro","Assets / Equipment","Manager","Visible to ACTIVE account","Allowed by page gate for ACTIVE authenticated account","AVD-004 declares ordinary operational read access for ACTIVE accounts; route gate alone does not prove the read model’s runtime outcome.","No action implied by link/page. Owning use case enforces permission, scope, state, SoD, version, signature, and business rules."
"RT-EQUIP-001","/assets/equipment","src/pages/assets/equipment/index.astro","Assets / Equipment","Admin","Visible to ACTIVE account","Allowed by page gate for ACTIVE authenticated account","AVD-004 declares ordinary operational read access for ACTIVE accounts; route gate alone does not prove the read model’s runtime outcome.","No action implied by link/page. Owning use case enforces permission, scope, state, SoD, version, signature, and business rules."
"RT-EQUIP-001","/assets/equipment","src/pages/assets/equipment/index.astro","Assets / Equipment","yazeed","Visible to ACTIVE account","Allowed by page gate for ACTIVE authenticated account","AVD-004 declares ordinary operational read access for ACTIVE accounts; route gate alone does not prove the read model’s runtime outcome.","No action implied by link/page. Owning use case enforces permission, scope, state, SoD, version, signature, and business rules."
"RT-EQUIP-002","/assets/equipment/new","src/pages/assets/equipment/new.astro","No primary-nav item; contextual links/direct route","Employee","Visible to ACTIVE account","Allowed by page gate for ACTIVE authenticated account","AVD-004 declares ordinary operational read access for ACTIVE accounts; route gate alone does not prove the read model’s runtime outcome.","No action implied by link/page. Owning use case enforces permission, scope, state, SoD, version, signature, and business rules."
"RT-EQUIP-002","/assets/equipment/new","src/pages/assets/equipment/new.astro","No primary-nav item; contextual links/direct route","Supervisor","Visible to ACTIVE account","Allowed by page gate for ACTIVE authenticated account","AVD-004 declares ordinary operational read access for ACTIVE accounts; route gate alone does not prove the read model’s runtime outcome.","No action implied by link/page. Owning use case enforces permission, scope, state, SoD, version, signature, and business rules."
"RT-EQUIP-002","/assets/equipment/new","src/pages/assets/equipment/new.astro","No primary-nav item; contextual links/direct route","Manager","Visible to ACTIVE account","Allowed by page gate for ACTIVE authenticated account","AVD-004 declares ordinary operational read access for ACTIVE accounts; route gate alone does not prove the read model’s runtime outcome.","No action implied by link/page. Owning use case enforces permission, scope, state, SoD, version, signature, and business rules."
"RT-EQUIP-002","/assets/equipment/new","src/pages/assets/equipment/new.astro","No primary-nav item; contextual links/direct route","Admin","Visible to ACTIVE account","Allowed by page gate for ACTIVE authenticated account","AVD-004 declares ordinary operational read access for ACTIVE accounts; route gate alone does not prove the read model’s runtime outcome.","No action implied by link/page. Owning use case enforces permission, scope, state, SoD, version, signature, and business rules."
"RT-EQUIP-002","/assets/equipment/new","src/pages/assets/equipment/new.astro","No primary-nav item; contextual links/direct route","yazeed","Visible to ACTIVE account","Allowed by page gate for ACTIVE authenticated account","AVD-004 declares ordinary operational read access for ACTIVE accounts; route gate alone does not prove the read model’s runtime outcome.","No action implied by link/page. Owning use case enforces permission, scope, state, SoD, version, signature, and business rules."
"RT-EQUIP-003","/assets/equipment/[equipmentId]","src/pages/assets/equipment/[equipmentId].astro","No primary-nav item; contextual links/direct route","Employee","Visible to ACTIVE account","Allowed by page gate for ACTIVE authenticated account","AVD-004 declares ordinary operational read access for ACTIVE accounts; route gate alone does not prove the read model’s runtime outcome.","No action implied by link/page. Owning use case enforces permission, scope, state, SoD, version, signature, and business rules."
"RT-EQUIP-003","/assets/equipment/[equipmentId]","src/pages/assets/equipment/[equipmentId].astro","No primary-nav item; contextual links/direct route","Supervisor","Visible to ACTIVE account","Allowed by page gate for ACTIVE authenticated account","AVD-004 declares ordinary operational read access for ACTIVE accounts; route gate alone does not prove the read model’s runtime outcome.","No action implied by link/page. Owning use case enforces permission, scope, state, SoD, version, signature, and business rules."
"RT-EQUIP-003","/assets/equipment/[equipmentId]","src/pages/assets/equipment/[equipmentId].astro","No primary-nav item; contextual links/direct route","Manager","Visible to ACTIVE account","Allowed by page gate for ACTIVE authenticated account","AVD-004 declares ordinary operational read access for ACTIVE accounts; route gate alone does not prove the read model’s runtime outcome.","No action implied by link/page. Owning use case enforces permission, scope, state, SoD, version, signature, and business rules."
"RT-EQUIP-003","/assets/equipment/[equipmentId]","src/pages/assets/equipment/[equipmentId].astro","No primary-nav item; contextual links/direct route","Admin","Visible to ACTIVE account","Allowed by page gate for ACTIVE authenticated account","AVD-004 declares ordinary operational read access for ACTIVE accounts; route gate alone does not prove the read model’s runtime outcome.","No action implied by link/page. Owning use case enforces permission, scope, state, SoD, version, signature, and business rules."
"RT-EQUIP-003","/assets/equipment/[equipmentId]","src/pages/assets/equipment/[equipmentId].astro","No primary-nav item; contextual links/direct route","yazeed","Visible to ACTIVE account","Allowed by page gate for ACTIVE authenticated account","AVD-004 declares ordinary operational read access for ACTIVE accounts; route gate alone does not prove the read model’s runtime outcome.","No action implied by link/page. Owning use case enforces permission, scope, state, SoD, version, signature, and business rules."
"RT-CAL-001","/assets/calibrations","src/pages/assets/calibrations/index.astro","Assets / Calibration records","Employee","Visible to ACTIVE account","Allowed by page gate for ACTIVE authenticated account","AVD-004 declares ordinary operational read access for ACTIVE accounts; route gate alone does not prove the read model’s runtime outcome.","No action implied by link/page. Owning use case enforces permission, scope, state, SoD, version, signature, and business rules."
"RT-CAL-001","/assets/calibrations","src/pages/assets/calibrations/index.astro","Assets / Calibration records","Supervisor","Visible to ACTIVE account","Allowed by page gate for ACTIVE authenticated account","AVD-004 declares ordinary operational read access for ACTIVE accounts; route gate alone does not prove the read model’s runtime outcome.","No action implied by link/page. Owning use case enforces permission, scope, state, SoD, version, signature, and business rules."
"RT-CAL-001","/assets/calibrations","src/pages/assets/calibrations/index.astro","Assets / Calibration records","Manager","Visible to ACTIVE account","Allowed by page gate for ACTIVE authenticated account","AVD-004 declares ordinary operational read access for ACTIVE accounts; route gate alone does not prove the read model’s runtime outcome.","No action implied by link/page. Owning use case enforces permission, scope, state, SoD, version, signature, and business rules."
"RT-CAL-001","/assets/calibrations","src/pages/assets/calibrations/index.astro","Assets / Calibration records","Admin","Visible to ACTIVE account","Allowed by page gate for ACTIVE authenticated account","AVD-004 declares ordinary operational read access for ACTIVE accounts; route gate alone does not prove the read model’s runtime outcome.","No action implied by link/page. Owning use case enforces permission, scope, state, SoD, version, signature, and business rules."
"RT-CAL-001","/assets/calibrations","src/pages/assets/calibrations/index.astro","Assets / Calibration records","yazeed","Visible to ACTIVE account","Allowed by page gate for ACTIVE authenticated account","AVD-004 declares ordinary operational read access for ACTIVE accounts; route gate alone does not prove the read model’s runtime outcome.","No action implied by link/page. Owning use case enforces permission, scope, state, SoD, version, signature, and business rules."
"RT-CAL-002","/assets/calibrations/new","src/pages/assets/calibrations/new.astro","No primary-nav item; contextual links/direct route","Employee","Visible to ACTIVE account","Allowed by page gate for ACTIVE authenticated account","AVD-004 declares ordinary operational read access for ACTIVE accounts; route gate alone does not prove the read model’s runtime outcome.","No action implied by link/page. Owning use case enforces permission, scope, state, SoD, version, signature, and business rules."
"RT-CAL-002","/assets/calibrations/new","src/pages/assets/calibrations/new.astro","No primary-nav item; contextual links/direct route","Supervisor","Visible to ACTIVE account","Allowed by page gate for ACTIVE authenticated account","AVD-004 declares ordinary operational read access for ACTIVE accounts; route gate alone does not prove the read model’s runtime outcome.","No action implied by link/page. Owning use case enforces permission, scope, state, SoD, version, signature, and business rules."
"RT-CAL-002","/assets/calibrations/new","src/pages/assets/calibrations/new.astro","No primary-nav item; contextual links/direct route","Manager","Visible to ACTIVE account","Allowed by page gate for ACTIVE authenticated account","AVD-004 declares ordinary operational read access for ACTIVE accounts; route gate alone does not prove the read model’s runtime outcome.","No action implied by link/page. Owning use case enforces permission, scope, state, SoD, version, signature, and business rules."
"RT-CAL-002","/assets/calibrations/new","src/pages/assets/calibrations/new.astro","No primary-nav item; contextual links/direct route","Admin","Visible to ACTIVE account","Allowed by page gate for ACTIVE authenticated account","AVD-004 declares ordinary operational read access for ACTIVE accounts; route gate alone does not prove the read model’s runtime outcome.","No action implied by link/page. Owning use case enforces permission, scope, state, SoD, version, signature, and business rules."
"RT-CAL-002","/assets/calibrations/new","src/pages/assets/calibrations/new.astro","No primary-nav item; contextual links/direct route","yazeed","Visible to ACTIVE account","Allowed by page gate for ACTIVE authenticated account","AVD-004 declares ordinary operational read access for ACTIVE accounts; route gate alone does not prove the read model’s runtime outcome.","No action implied by link/page. Owning use case enforces permission, scope, state, SoD, version, signature, and business rules."
"RT-CAL-003","/assets/calibrations/[calibrationId]","src/pages/assets/calibrations/[calibrationId].astro","No primary-nav item; contextual links/direct route","Employee","Visible to ACTIVE account","Allowed by page gate for ACTIVE authenticated account","AVD-004 declares ordinary operational read access for ACTIVE accounts; route gate alone does not prove the read model’s runtime outcome.","No action implied by link/page. Owning use case enforces permission, scope, state, SoD, version, signature, and business rules."
"RT-CAL-003","/assets/calibrations/[calibrationId]","src/pages/assets/calibrations/[calibrationId].astro","No primary-nav item; contextual links/direct route","Supervisor","Visible to ACTIVE account","Allowed by page gate for ACTIVE authenticated account","AVD-004 declares ordinary operational read access for ACTIVE accounts; route gate alone does not prove the read model’s runtime outcome.","No action implied by link/page. Owning use case enforces permission, scope, state, SoD, version, signature, and business rules."
"RT-CAL-003","/assets/calibrations/[calibrationId]","src/pages/assets/calibrations/[calibrationId].astro","No primary-nav item; contextual links/direct route","Manager","Visible to ACTIVE account","Allowed by page gate for ACTIVE authenticated account","AVD-004 declares ordinary operational read access for ACTIVE accounts; route gate alone does not prove the read model’s runtime outcome.","No action implied by link/page. Owning use case enforces permission, scope, state, SoD, version, signature, and business rules."
"RT-CAL-003","/assets/calibrations/[calibrationId]","src/pages/assets/calibrations/[calibrationId].astro","No primary-nav item; contextual links/direct route","Admin","Visible to ACTIVE account","Allowed by page gate for ACTIVE authenticated account","AVD-004 declares ordinary operational read access for ACTIVE accounts; route gate alone does not prove the read model’s runtime outcome.","No action implied by link/page. Owning use case enforces permission, scope, state, SoD, version, signature, and business rules."
"RT-CAL-003","/assets/calibrations/[calibrationId]","src/pages/assets/calibrations/[calibrationId].astro","No primary-nav item; contextual links/direct route","yazeed","Visible to ACTIVE account","Allowed by page gate for ACTIVE authenticated account","AVD-004 declares ordinary operational read access for ACTIVE accounts; route gate alone does not prove the read model’s runtime outcome.","No action implied by link/page. Owning use case enforces permission, scope, state, SoD, version, signature, and business rules."
"RT-MAINT-001","/assets/maintenance","src/pages/assets/maintenance/index.astro","Assets / Maintenance","Employee","Visible to ACTIVE account","Allowed by page gate for ACTIVE authenticated account","AVD-004 declares ordinary operational read access for ACTIVE accounts; route gate alone does not prove the read model’s runtime outcome.","No action implied by link/page. Owning use case enforces permission, scope, state, SoD, version, signature, and business rules."
"RT-MAINT-001","/assets/maintenance","src/pages/assets/maintenance/index.astro","Assets / Maintenance","Supervisor","Visible to ACTIVE account","Allowed by page gate for ACTIVE authenticated account","AVD-004 declares ordinary operational read access for ACTIVE accounts; route gate alone does not prove the read model’s runtime outcome.","No action implied by link/page. Owning use case enforces permission, scope, state, SoD, version, signature, and business rules."
"RT-MAINT-001","/assets/maintenance","src/pages/assets/maintenance/index.astro","Assets / Maintenance","Manager","Visible to ACTIVE account","Allowed by page gate for ACTIVE authenticated account","AVD-004 declares ordinary operational read access for ACTIVE accounts; route gate alone does not prove the read model’s runtime outcome.","No action implied by link/page. Owning use case enforces permission, scope, state, SoD, version, signature, and business rules."
"RT-MAINT-001","/assets/maintenance","src/pages/assets/maintenance/index.astro","Assets / Maintenance","Admin","Visible to ACTIVE account","Allowed by page gate for ACTIVE authenticated account","AVD-004 declares ordinary operational read access for ACTIVE accounts; route gate alone does not prove the read model’s runtime outcome.","No action implied by link/page. Owning use case enforces permission, scope, state, SoD, version, signature, and business rules."
"RT-MAINT-001","/assets/maintenance","src/pages/assets/maintenance/index.astro","Assets / Maintenance","yazeed","Visible to ACTIVE account","Allowed by page gate for ACTIVE authenticated account","AVD-004 declares ordinary operational read access for ACTIVE accounts; route gate alone does not prove the read model’s runtime outcome.","No action implied by link/page. Owning use case enforces permission, scope, state, SoD, version, signature, and business rules."
"RT-MAINT-002","/assets/maintenance/new","src/pages/assets/maintenance/new.astro","No primary-nav item; contextual links/direct route","Employee","Visible to ACTIVE account","Allowed by page gate for ACTIVE authenticated account","AVD-004 declares ordinary operational read access for ACTIVE accounts; route gate alone does not prove the read model’s runtime outcome.","No action implied by link/page. Owning use case enforces permission, scope, state, SoD, version, signature, and business rules."
"RT-MAINT-002","/assets/maintenance/new","src/pages/assets/maintenance/new.astro","No primary-nav item; contextual links/direct route","Supervisor","Visible to ACTIVE account","Allowed by page gate for ACTIVE authenticated account","AVD-004 declares ordinary operational read access for ACTIVE accounts; route gate alone does not prove the read model’s runtime outcome.","No action implied by link/page. Owning use case enforces permission, scope, state, SoD, version, signature, and business rules."
"RT-MAINT-002","/assets/maintenance/new","src/pages/assets/maintenance/new.astro","No primary-nav item; contextual links/direct route","Manager","Visible to ACTIVE account","Allowed by page gate for ACTIVE authenticated account","AVD-004 declares ordinary operational read access for ACTIVE accounts; route gate alone does not prove the read model’s runtime outcome.","No action implied by link/page. Owning use case enforces permission, scope, state, SoD, version, signature, and business rules."
"RT-MAINT-002","/assets/maintenance/new","src/pages/assets/maintenance/new.astro","No primary-nav item; contextual links/direct route","Admin","Visible to ACTIVE account","Allowed by page gate for ACTIVE authenticated account","AVD-004 declares ordinary operational read access for ACTIVE accounts; route gate alone does not prove the read model’s runtime outcome.","No action implied by link/page. Owning use case enforces permission, scope, state, SoD, version, signature, and business rules."
"RT-MAINT-002","/assets/maintenance/new","src/pages/assets/maintenance/new.astro","No primary-nav item; contextual links/direct route","yazeed","Visible to ACTIVE account","Allowed by page gate for ACTIVE authenticated account","AVD-004 declares ordinary operational read access for ACTIVE accounts; route gate alone does not prove the read model’s runtime outcome.","No action implied by link/page. Owning use case enforces permission, scope, state, SoD, version, signature, and business rules."
"RT-MAINT-003","/assets/maintenance/[maintenanceId]","src/pages/assets/maintenance/[maintenanceId].astro","No primary-nav item; contextual links/direct route","Employee","Visible to ACTIVE account","Allowed by page gate for ACTIVE authenticated account","AVD-004 declares ordinary operational read access for ACTIVE accounts; route gate alone does not prove the read model’s runtime outcome.","No action implied by link/page. Owning use case enforces permission, scope, state, SoD, version, signature, and business rules."
"RT-MAINT-003","/assets/maintenance/[maintenanceId]","src/pages/assets/maintenance/[maintenanceId].astro","No primary-nav item; contextual links/direct route","Supervisor","Visible to ACTIVE account","Allowed by page gate for ACTIVE authenticated account","AVD-004 declares ordinary operational read access for ACTIVE accounts; route gate alone does not prove the read model’s runtime outcome.","No action implied by link/page. Owning use case enforces permission, scope, state, SoD, version, signature, and business rules."
"RT-MAINT-003","/assets/maintenance/[maintenanceId]","src/pages/assets/maintenance/[maintenanceId].astro","No primary-nav item; contextual links/direct route","Manager","Visible to ACTIVE account","Allowed by page gate for ACTIVE authenticated account","AVD-004 declares ordinary operational read access for ACTIVE accounts; route gate alone does not prove the read model’s runtime outcome.","No action implied by link/page. Owning use case enforces permission, scope, state, SoD, version, signature, and business rules."
"RT-MAINT-003","/assets/maintenance/[maintenanceId]","src/pages/assets/maintenance/[maintenanceId].astro","No primary-nav item; contextual links/direct route","Admin","Visible to ACTIVE account","Allowed by page gate for ACTIVE authenticated account","AVD-004 declares ordinary operational read access for ACTIVE accounts; route gate alone does not prove the read model’s runtime outcome.","No action implied by link/page. Owning use case enforces permission, scope, state, SoD, version, signature, and business rules."
"RT-MAINT-003","/assets/maintenance/[maintenanceId]","src/pages/assets/maintenance/[maintenanceId].astro","No primary-nav item; contextual links/direct route","yazeed","Visible to ACTIVE account","Allowed by page gate for ACTIVE authenticated account","AVD-004 declares ordinary operational read access for ACTIVE accounts; route gate alone does not prove the read model’s runtime outcome.","No action implied by link/page. Owning use case enforces permission, scope, state, SoD, version, signature, and business rules."
"RT-DOC-001","/documents","src/pages/documents/index.astro","System / Controlled documents","Employee","Visible to ACTIVE account","Allowed by page gate for ACTIVE authenticated account","AVD-004 declares ordinary operational read access for ACTIVE accounts; route gate alone does not prove the read model’s runtime outcome.","No action implied by link/page. Owning use case enforces permission, scope, state, SoD, version, signature, and business rules."
"RT-DOC-001","/documents","src/pages/documents/index.astro","System / Controlled documents","Supervisor","Visible to ACTIVE account","Allowed by page gate for ACTIVE authenticated account","AVD-004 declares ordinary operational read access for ACTIVE accounts; route gate alone does not prove the read model’s runtime outcome.","No action implied by link/page. Owning use case enforces permission, scope, state, SoD, version, signature, and business rules."
"RT-DOC-001","/documents","src/pages/documents/index.astro","System / Controlled documents","Manager","Visible to ACTIVE account","Allowed by page gate for ACTIVE authenticated account","AVD-004 declares ordinary operational read access for ACTIVE accounts; route gate alone does not prove the read model’s runtime outcome.","No action implied by link/page. Owning use case enforces permission, scope, state, SoD, version, signature, and business rules."
"RT-DOC-001","/documents","src/pages/documents/index.astro","System / Controlled documents","Admin","Visible to ACTIVE account","Allowed by page gate for ACTIVE authenticated account","AVD-004 declares ordinary operational read access for ACTIVE accounts; route gate alone does not prove the read model’s runtime outcome.","No action implied by link/page. Owning use case enforces permission, scope, state, SoD, version, signature, and business rules."
"RT-DOC-001","/documents","src/pages/documents/index.astro","System / Controlled documents","yazeed","Visible to ACTIVE account","Allowed by page gate for ACTIVE authenticated account","AVD-004 declares ordinary operational read access for ACTIVE accounts; route gate alone does not prove the read model’s runtime outcome.","No action implied by link/page. Owning use case enforces permission, scope, state, SoD, version, signature, and business rules."
"RT-DOC-002","/documents/new","src/pages/documents/new.astro","No primary-nav item; contextual links/direct route","Employee","Visible to ACTIVE account","Allowed by page gate for ACTIVE authenticated account","AVD-004 declares ordinary operational read access for ACTIVE accounts; route gate alone does not prove the read model’s runtime outcome.","No action implied by link/page. Owning use case enforces permission, scope, state, SoD, version, signature, and business rules."
"RT-DOC-002","/documents/new","src/pages/documents/new.astro","No primary-nav item; contextual links/direct route","Supervisor","Visible to ACTIVE account","Allowed by page gate for ACTIVE authenticated account","AVD-004 declares ordinary operational read access for ACTIVE accounts; route gate alone does not prove the read model’s runtime outcome.","No action implied by link/page. Owning use case enforces permission, scope, state, SoD, version, signature, and business rules."
"RT-DOC-002","/documents/new","src/pages/documents/new.astro","No primary-nav item; contextual links/direct route","Manager","Visible to ACTIVE account","Allowed by page gate for ACTIVE authenticated account","AVD-004 declares ordinary operational read access for ACTIVE accounts; route gate alone does not prove the read model’s runtime outcome.","No action implied by link/page. Owning use case enforces permission, scope, state, SoD, version, signature, and business rules."
"RT-DOC-002","/documents/new","src/pages/documents/new.astro","No primary-nav item; contextual links/direct route","Admin","Visible to ACTIVE account","Allowed by page gate for ACTIVE authenticated account","AVD-004 declares ordinary operational read access for ACTIVE accounts; route gate alone does not prove the read model’s runtime outcome.","No action implied by link/page. Owning use case enforces permission, scope, state, SoD, version, signature, and business rules."
"RT-DOC-002","/documents/new","src/pages/documents/new.astro","No primary-nav item; contextual links/direct route","yazeed","Visible to ACTIVE account","Allowed by page gate for ACTIVE authenticated account","AVD-004 declares ordinary operational read access for ACTIVE accounts; route gate alone does not prove the read model’s runtime outcome.","No action implied by link/page. Owning use case enforces permission, scope, state, SoD, version, signature, and business rules."
"RT-DOC-003","/documents/[documentId]","src/pages/documents/[documentId]/index.astro","No primary-nav item; contextual links/direct route","Employee","Visible to ACTIVE account","Allowed by page gate for ACTIVE authenticated account","AVD-004 declares ordinary operational read access for ACTIVE accounts; route gate alone does not prove the read model’s runtime outcome.","No action implied by link/page. Owning use case enforces permission, scope, state, SoD, version, signature, and business rules."
"RT-DOC-003","/documents/[documentId]","src/pages/documents/[documentId]/index.astro","No primary-nav item; contextual links/direct route","Supervisor","Visible to ACTIVE account","Allowed by page gate for ACTIVE authenticated account","AVD-004 declares ordinary operational read access for ACTIVE accounts; route gate alone does not prove the read model’s runtime outcome.","No action implied by link/page. Owning use case enforces permission, scope, state, SoD, version, signature, and business rules."
"RT-DOC-003","/documents/[documentId]","src/pages/documents/[documentId]/index.astro","No primary-nav item; contextual links/direct route","Manager","Visible to ACTIVE account","Allowed by page gate for ACTIVE authenticated account","AVD-004 declares ordinary operational read access for ACTIVE accounts; route gate alone does not prove the read model’s runtime outcome.","No action implied by link/page. Owning use case enforces permission, scope, state, SoD, version, signature, and business rules."
"RT-DOC-003","/documents/[documentId]","src/pages/documents/[documentId]/index.astro","No primary-nav item; contextual links/direct route","Admin","Visible to ACTIVE account","Allowed by page gate for ACTIVE authenticated account","AVD-004 declares ordinary operational read access for ACTIVE accounts; route gate alone does not prove the read model’s runtime outcome.","No action implied by link/page. Owning use case enforces permission, scope, state, SoD, version, signature, and business rules."
"RT-DOC-003","/documents/[documentId]","src/pages/documents/[documentId]/index.astro","No primary-nav item; contextual links/direct route","yazeed","Visible to ACTIVE account","Allowed by page gate for ACTIVE authenticated account","AVD-004 declares ordinary operational read access for ACTIVE accounts; route gate alone does not prove the read model’s runtime outcome.","No action implied by link/page. Owning use case enforces permission, scope, state, SoD, version, signature, and business rules."
"RT-DOC-004","/documents/[documentId]/versions/new","src/pages/documents/[documentId]/versions/new.astro","No primary-nav item; contextual links/direct route","Employee","Visible to ACTIVE account","Allowed by page gate for ACTIVE authenticated account","AVD-004 declares ordinary operational read access for ACTIVE accounts; route gate alone does not prove the read model’s runtime outcome.","No action implied by link/page. Owning use case enforces permission, scope, state, SoD, version, signature, and business rules."
"RT-DOC-004","/documents/[documentId]/versions/new","src/pages/documents/[documentId]/versions/new.astro","No primary-nav item; contextual links/direct route","Supervisor","Visible to ACTIVE account","Allowed by page gate for ACTIVE authenticated account","AVD-004 declares ordinary operational read access for ACTIVE accounts; route gate alone does not prove the read model’s runtime outcome.","No action implied by link/page. Owning use case enforces permission, scope, state, SoD, version, signature, and business rules."
"RT-DOC-004","/documents/[documentId]/versions/new","src/pages/documents/[documentId]/versions/new.astro","No primary-nav item; contextual links/direct route","Manager","Visible to ACTIVE account","Allowed by page gate for ACTIVE authenticated account","AVD-004 declares ordinary operational read access for ACTIVE accounts; route gate alone does not prove the read model’s runtime outcome.","No action implied by link/page. Owning use case enforces permission, scope, state, SoD, version, signature, and business rules."
"RT-DOC-004","/documents/[documentId]/versions/new","src/pages/documents/[documentId]/versions/new.astro","No primary-nav item; contextual links/direct route","Admin","Visible to ACTIVE account","Allowed by page gate for ACTIVE authenticated account","AVD-004 declares ordinary operational read access for ACTIVE accounts; route gate alone does not prove the read model’s runtime outcome.","No action implied by link/page. Owning use case enforces permission, scope, state, SoD, version, signature, and business rules."
"RT-DOC-004","/documents/[documentId]/versions/new","src/pages/documents/[documentId]/versions/new.astro","No primary-nav item; contextual links/direct route","yazeed","Visible to ACTIVE account","Allowed by page gate for ACTIVE authenticated account","AVD-004 declares ordinary operational read access for ACTIVE accounts; route gate alone does not prove the read model’s runtime outcome.","No action implied by link/page. Owning use case enforces permission, scope, state, SoD, version, signature, and business rules."
"RT-DOC-005","/documents/[documentId]/versions/[versionId]","src/pages/documents/[documentId]/versions/[versionId]/index.astro","No primary-nav item; contextual links/direct route","Employee","Visible to ACTIVE account","Allowed by page gate for ACTIVE authenticated account","AVD-004 declares ordinary operational read access for ACTIVE accounts; route gate alone does not prove the read model’s runtime outcome.","No action implied by link/page. Owning use case enforces permission, scope, state, SoD, version, signature, and business rules."
"RT-DOC-005","/documents/[documentId]/versions/[versionId]","src/pages/documents/[documentId]/versions/[versionId]/index.astro","No primary-nav item; contextual links/direct route","Supervisor","Visible to ACTIVE account","Allowed by page gate for ACTIVE authenticated account","AVD-004 declares ordinary operational read access for ACTIVE accounts; route gate alone does not prove the read model’s runtime outcome.","No action implied by link/page. Owning use case enforces permission, scope, state, SoD, version, signature, and business rules."
"RT-DOC-005","/documents/[documentId]/versions/[versionId]","src/pages/documents/[documentId]/versions/[versionId]/index.astro","No primary-nav item; contextual links/direct route","Manager","Visible to ACTIVE account","Allowed by page gate for ACTIVE authenticated account","AVD-004 declares ordinary operational read access for ACTIVE accounts; route gate alone does not prove the read model’s runtime outcome.","No action implied by link/page. Owning use case enforces permission, scope, state, SoD, version, signature, and business rules."
"RT-DOC-005","/documents/[documentId]/versions/[versionId]","src/pages/documents/[documentId]/versions/[versionId]/index.astro","No primary-nav item; contextual links/direct route","Admin","Visible to ACTIVE account","Allowed by page gate for ACTIVE authenticated account","AVD-004 declares ordinary operational read access for ACTIVE accounts; route gate alone does not prove the read model’s runtime outcome.","No action implied by link/page. Owning use case enforces permission, scope, state, SoD, version, signature, and business rules."
"RT-DOC-005","/documents/[documentId]/versions/[versionId]","src/pages/documents/[documentId]/versions/[versionId]/index.astro","No primary-nav item; contextual links/direct route","yazeed","Visible to ACTIVE account","Allowed by page gate for ACTIVE authenticated account","AVD-004 declares ordinary operational read access for ACTIVE accounts; route gate alone does not prove the read model’s runtime outcome.","No action implied by link/page. Owning use case enforces permission, scope, state, SoD, version, signature, and business rules."
"RT-DOC-006","/documents/[documentId]/versions/[versionId]/review","src/pages/documents/[documentId]/versions/[versionId]/review.astro","No primary-nav item; contextual links/direct route","Employee","Visible to ACTIVE account","Allowed by page gate for ACTIVE authenticated account","AVD-004 declares ordinary operational read access for ACTIVE accounts; route gate alone does not prove the read model’s runtime outcome.","No action implied by link/page. Owning use case enforces permission, scope, state, SoD, version, signature, and business rules."
"RT-DOC-006","/documents/[documentId]/versions/[versionId]/review","src/pages/documents/[documentId]/versions/[versionId]/review.astro","No primary-nav item; contextual links/direct route","Supervisor","Visible to ACTIVE account","Allowed by page gate for ACTIVE authenticated account","AVD-004 declares ordinary operational read access for ACTIVE accounts; route gate alone does not prove the read model’s runtime outcome.","No action implied by link/page. Owning use case enforces permission, scope, state, SoD, version, signature, and business rules."
"RT-DOC-006","/documents/[documentId]/versions/[versionId]/review","src/pages/documents/[documentId]/versions/[versionId]/review.astro","No primary-nav item; contextual links/direct route","Manager","Visible to ACTIVE account","Allowed by page gate for ACTIVE authenticated account","AVD-004 declares ordinary operational read access for ACTIVE accounts; route gate alone does not prove the read model’s runtime outcome.","No action implied by link/page. Owning use case enforces permission, scope, state, SoD, version, signature, and business rules."
"RT-DOC-006","/documents/[documentId]/versions/[versionId]/review","src/pages/documents/[documentId]/versions/[versionId]/review.astro","No primary-nav item; contextual links/direct route","Admin","Visible to ACTIVE account","Allowed by page gate for ACTIVE authenticated account","AVD-004 declares ordinary operational read access for ACTIVE accounts; route gate alone does not prove the read model’s runtime outcome.","No action implied by link/page. Owning use case enforces permission, scope, state, SoD, version, signature, and business rules."
"RT-DOC-006","/documents/[documentId]/versions/[versionId]/review","src/pages/documents/[documentId]/versions/[versionId]/review.astro","No primary-nav item; contextual links/direct route","yazeed","Visible to ACTIVE account","Allowed by page gate for ACTIVE authenticated account","AVD-004 declares ordinary operational read access for ACTIVE accounts; route gate alone does not prove the read model’s runtime outcome.","No action implied by link/page. Owning use case enforces permission, scope, state, SoD, version, signature, and business rules."
"RT-APPROVAL-001","/approvals","src/pages/approvals/index.astro","Governance / My approval queue","Employee","Visible to ACTIVE account","Allowed by page gate for ACTIVE authenticated account","AVD-004 declares ordinary operational read access for ACTIVE accounts; route gate alone does not prove the read model’s runtime outcome.","No action implied by link/page. Owning use case enforces permission, scope, state, SoD, version, signature, and business rules."
"RT-APPROVAL-001","/approvals","src/pages/approvals/index.astro","Governance / My approval queue","Supervisor","Visible to ACTIVE account","Allowed by page gate for ACTIVE authenticated account","AVD-004 declares ordinary operational read access for ACTIVE accounts; route gate alone does not prove the read model’s runtime outcome.","No action implied by link/page. Owning use case enforces permission, scope, state, SoD, version, signature, and business rules."
"RT-APPROVAL-001","/approvals","src/pages/approvals/index.astro","Governance / My approval queue","Manager","Visible to ACTIVE account","Allowed by page gate for ACTIVE authenticated account","AVD-004 declares ordinary operational read access for ACTIVE accounts; route gate alone does not prove the read model’s runtime outcome.","No action implied by link/page. Owning use case enforces permission, scope, state, SoD, version, signature, and business rules."
"RT-APPROVAL-001","/approvals","src/pages/approvals/index.astro","Governance / My approval queue","Admin","Visible to ACTIVE account","Allowed by page gate for ACTIVE authenticated account","AVD-004 declares ordinary operational read access for ACTIVE accounts; route gate alone does not prove the read model’s runtime outcome.","No action implied by link/page. Owning use case enforces permission, scope, state, SoD, version, signature, and business rules."
"RT-APPROVAL-001","/approvals","src/pages/approvals/index.astro","Governance / My approval queue","yazeed","Visible to ACTIVE account","Allowed by page gate for ACTIVE authenticated account","AVD-004 declares ordinary operational read access for ACTIVE accounts; route gate alone does not prove the read model’s runtime outcome.","No action implied by link/page. Owning use case enforces permission, scope, state, SoD, version, signature, and business rules."
"RT-APPROVAL-002","/approvals/[approvalId]","src/pages/approvals/[approvalId].astro","No primary-nav item; contextual links/direct route","Employee","Visible to ACTIVE account","Allowed by page gate for ACTIVE authenticated account","AVD-004 declares ordinary operational read access for ACTIVE accounts; route gate alone does not prove the read model’s runtime outcome.","No action implied by link/page. Owning use case enforces permission, scope, state, SoD, version, signature, and business rules."
"RT-APPROVAL-002","/approvals/[approvalId]","src/pages/approvals/[approvalId].astro","No primary-nav item; contextual links/direct route","Supervisor","Visible to ACTIVE account","Allowed by page gate for ACTIVE authenticated account","AVD-004 declares ordinary operational read access for ACTIVE accounts; route gate alone does not prove the read model’s runtime outcome.","No action implied by link/page. Owning use case enforces permission, scope, state, SoD, version, signature, and business rules."
"RT-APPROVAL-002","/approvals/[approvalId]","src/pages/approvals/[approvalId].astro","No primary-nav item; contextual links/direct route","Manager","Visible to ACTIVE account","Allowed by page gate for ACTIVE authenticated account","AVD-004 declares ordinary operational read access for ACTIVE accounts; route gate alone does not prove the read model’s runtime outcome.","No action implied by link/page. Owning use case enforces permission, scope, state, SoD, version, signature, and business rules."
"RT-APPROVAL-002","/approvals/[approvalId]","src/pages/approvals/[approvalId].astro","No primary-nav item; contextual links/direct route","Admin","Visible to ACTIVE account","Allowed by page gate for ACTIVE authenticated account","AVD-004 declares ordinary operational read access for ACTIVE accounts; route gate alone does not prove the read model’s runtime outcome.","No action implied by link/page. Owning use case enforces permission, scope, state, SoD, version, signature, and business rules."
"RT-APPROVAL-002","/approvals/[approvalId]","src/pages/approvals/[approvalId].astro","No primary-nav item; contextual links/direct route","yazeed","Visible to ACTIVE account","Allowed by page gate for ACTIVE authenticated account","AVD-004 declares ordinary operational read access for ACTIVE accounts; route gate alone does not prove the read model’s runtime outcome.","No action implied by link/page. Owning use case enforces permission, scope, state, SoD, version, signature, and business rules."
"RT-CHANGE-001","/change-requests","src/pages/change-requests/index.astro","Governance / Change requests","Employee","Visible to ACTIVE account","Allowed by page gate for ACTIVE authenticated account","AVD-004 declares ordinary operational read access for ACTIVE accounts; route gate alone does not prove the read model’s runtime outcome.","No action implied by link/page. Owning use case enforces permission, scope, state, SoD, version, signature, and business rules."
"RT-CHANGE-001","/change-requests","src/pages/change-requests/index.astro","Governance / Change requests","Supervisor","Visible to ACTIVE account","Allowed by page gate for ACTIVE authenticated account","AVD-004 declares ordinary operational read access for ACTIVE accounts; route gate alone does not prove the read model’s runtime outcome.","No action implied by link/page. Owning use case enforces permission, scope, state, SoD, version, signature, and business rules."
"RT-CHANGE-001","/change-requests","src/pages/change-requests/index.astro","Governance / Change requests","Manager","Visible to ACTIVE account","Allowed by page gate for ACTIVE authenticated account","AVD-004 declares ordinary operational read access for ACTIVE accounts; route gate alone does not prove the read model’s runtime outcome.","No action implied by link/page. Owning use case enforces permission, scope, state, SoD, version, signature, and business rules."
"RT-CHANGE-001","/change-requests","src/pages/change-requests/index.astro","Governance / Change requests","Admin","Visible to ACTIVE account","Allowed by page gate for ACTIVE authenticated account","AVD-004 declares ordinary operational read access for ACTIVE accounts; route gate alone does not prove the read model’s runtime outcome.","No action implied by link/page. Owning use case enforces permission, scope, state, SoD, version, signature, and business rules."
"RT-CHANGE-001","/change-requests","src/pages/change-requests/index.astro","Governance / Change requests","yazeed","Visible to ACTIVE account","Allowed by page gate for ACTIVE authenticated account","AVD-004 declares ordinary operational read access for ACTIVE accounts; route gate alone does not prove the read model’s runtime outcome.","No action implied by link/page. Owning use case enforces permission, scope, state, SoD, version, signature, and business rules."
"RT-CHANGE-002","/change-requests/new","src/pages/change-requests/new.astro","No primary-nav item; contextual links/direct route","Employee","Visible to ACTIVE account","Allowed by page gate for ACTIVE authenticated account","AVD-004 declares ordinary operational read access for ACTIVE accounts; route gate alone does not prove the read model’s runtime outcome.","No action implied by link/page. Owning use case enforces permission, scope, state, SoD, version, signature, and business rules."
"RT-CHANGE-002","/change-requests/new","src/pages/change-requests/new.astro","No primary-nav item; contextual links/direct route","Supervisor","Visible to ACTIVE account","Allowed by page gate for ACTIVE authenticated account","AVD-004 declares ordinary operational read access for ACTIVE accounts; route gate alone does not prove the read model’s runtime outcome.","No action implied by link/page. Owning use case enforces permission, scope, state, SoD, version, signature, and business rules."
"RT-CHANGE-002","/change-requests/new","src/pages/change-requests/new.astro","No primary-nav item; contextual links/direct route","Manager","Visible to ACTIVE account","Allowed by page gate for ACTIVE authenticated account","AVD-004 declares ordinary operational read access for ACTIVE accounts; route gate alone does not prove the read model’s runtime outcome.","No action implied by link/page. Owning use case enforces permission, scope, state, SoD, version, signature, and business rules."
"RT-CHANGE-002","/change-requests/new","src/pages/change-requests/new.astro","No primary-nav item; contextual links/direct route","Admin","Visible to ACTIVE account","Allowed by page gate for ACTIVE authenticated account","AVD-004 declares ordinary operational read access for ACTIVE accounts; route gate alone does not prove the read model’s runtime outcome.","No action implied by link/page. Owning use case enforces permission, scope, state, SoD, version, signature, and business rules."
"RT-CHANGE-002","/change-requests/new","src/pages/change-requests/new.astro","No primary-nav item; contextual links/direct route","yazeed","Visible to ACTIVE account","Allowed by page gate for ACTIVE authenticated account","AVD-004 declares ordinary operational read access for ACTIVE accounts; route gate alone does not prove the read model’s runtime outcome.","No action implied by link/page. Owning use case enforces permission, scope, state, SoD, version, signature, and business rules."
"RT-CHANGE-003","/change-requests/[changeRequestId]","src/pages/change-requests/[changeRequestId]/index.astro","No primary-nav item; contextual links/direct route","Employee","Visible to ACTIVE account","Allowed by page gate for ACTIVE authenticated account","AVD-004 declares ordinary operational read access for ACTIVE accounts; route gate alone does not prove the read model’s runtime outcome.","No action implied by link/page. Owning use case enforces permission, scope, state, SoD, version, signature, and business rules."
"RT-CHANGE-003","/change-requests/[changeRequestId]","src/pages/change-requests/[changeRequestId]/index.astro","No primary-nav item; contextual links/direct route","Supervisor","Visible to ACTIVE account","Allowed by page gate for ACTIVE authenticated account","AVD-004 declares ordinary operational read access for ACTIVE accounts; route gate alone does not prove the read model’s runtime outcome.","No action implied by link/page. Owning use case enforces permission, scope, state, SoD, version, signature, and business rules."
"RT-CHANGE-003","/change-requests/[changeRequestId]","src/pages/change-requests/[changeRequestId]/index.astro","No primary-nav item; contextual links/direct route","Manager","Visible to ACTIVE account","Allowed by page gate for ACTIVE authenticated account","AVD-004 declares ordinary operational read access for ACTIVE accounts; route gate alone does not prove the read model’s runtime outcome.","No action implied by link/page. Owning use case enforces permission, scope, state, SoD, version, signature, and business rules."
"RT-CHANGE-003","/change-requests/[changeRequestId]","src/pages/change-requests/[changeRequestId]/index.astro","No primary-nav item; contextual links/direct route","Admin","Visible to ACTIVE account","Allowed by page gate for ACTIVE authenticated account","AVD-004 declares ordinary operational read access for ACTIVE accounts; route gate alone does not prove the read model’s runtime outcome.","No action implied by link/page. Owning use case enforces permission, scope, state, SoD, version, signature, and business rules."
"RT-CHANGE-003","/change-requests/[changeRequestId]","src/pages/change-requests/[changeRequestId]/index.astro","No primary-nav item; contextual links/direct route","yazeed","Visible to ACTIVE account","Allowed by page gate for ACTIVE authenticated account","AVD-004 declares ordinary operational read access for ACTIVE accounts; route gate alone does not prove the read model’s runtime outcome.","No action implied by link/page. Owning use case enforces permission, scope, state, SoD, version, signature, and business rules."
"RT-CHANGE-004","/change-requests/[changeRequestId]/review","src/pages/change-requests/[changeRequestId]/review.astro","No primary-nav item; contextual links/direct route","Employee","Visible to ACTIVE account","Allowed by page gate for ACTIVE authenticated account","AVD-004 declares ordinary operational read access for ACTIVE accounts; route gate alone does not prove the read model’s runtime outcome.","No action implied by link/page. Owning use case enforces permission, scope, state, SoD, version, signature, and business rules."
"RT-CHANGE-004","/change-requests/[changeRequestId]/review","src/pages/change-requests/[changeRequestId]/review.astro","No primary-nav item; contextual links/direct route","Supervisor","Visible to ACTIVE account","Allowed by page gate for ACTIVE authenticated account","AVD-004 declares ordinary operational read access for ACTIVE accounts; route gate alone does not prove the read model’s runtime outcome.","No action implied by link/page. Owning use case enforces permission, scope, state, SoD, version, signature, and business rules."
"RT-CHANGE-004","/change-requests/[changeRequestId]/review","src/pages/change-requests/[changeRequestId]/review.astro","No primary-nav item; contextual links/direct route","Manager","Visible to ACTIVE account","Allowed by page gate for ACTIVE authenticated account","AVD-004 declares ordinary operational read access for ACTIVE accounts; route gate alone does not prove the read model’s runtime outcome.","No action implied by link/page. Owning use case enforces permission, scope, state, SoD, version, signature, and business rules."
"RT-CHANGE-004","/change-requests/[changeRequestId]/review","src/pages/change-requests/[changeRequestId]/review.astro","No primary-nav item; contextual links/direct route","Admin","Visible to ACTIVE account","Allowed by page gate for ACTIVE authenticated account","AVD-004 declares ordinary operational read access for ACTIVE accounts; route gate alone does not prove the read model’s runtime outcome.","No action implied by link/page. Owning use case enforces permission, scope, state, SoD, version, signature, and business rules."
"RT-CHANGE-004","/change-requests/[changeRequestId]/review","src/pages/change-requests/[changeRequestId]/review.astro","No primary-nav item; contextual links/direct route","yazeed","Visible to ACTIVE account","Allowed by page gate for ACTIVE authenticated account","AVD-004 declares ordinary operational read access for ACTIVE accounts; route gate alone does not prove the read model’s runtime outcome.","No action implied by link/page. Owning use case enforces permission, scope, state, SoD, version, signature, and business rules."
"RT-REPORT-001","/reports","src/pages/reports/index.astro","Insights / Reports","Employee","Visible to ACTIVE account","Allowed by page gate for ACTIVE authenticated account","AVD-004 declares ordinary operational read access for ACTIVE accounts; route gate alone does not prove the read model’s runtime outcome.","No action implied by link/page. Owning use case enforces permission, scope, state, SoD, version, signature, and business rules."
"RT-REPORT-001","/reports","src/pages/reports/index.astro","Insights / Reports","Supervisor","Visible to ACTIVE account","Allowed by page gate for ACTIVE authenticated account","AVD-004 declares ordinary operational read access for ACTIVE accounts; route gate alone does not prove the read model’s runtime outcome.","No action implied by link/page. Owning use case enforces permission, scope, state, SoD, version, signature, and business rules."
"RT-REPORT-001","/reports","src/pages/reports/index.astro","Insights / Reports","Manager","Visible to ACTIVE account","Allowed by page gate for ACTIVE authenticated account","AVD-004 declares ordinary operational read access for ACTIVE accounts; route gate alone does not prove the read model’s runtime outcome.","No action implied by link/page. Owning use case enforces permission, scope, state, SoD, version, signature, and business rules."
"RT-REPORT-001","/reports","src/pages/reports/index.astro","Insights / Reports","Admin","Visible to ACTIVE account","Allowed by page gate for ACTIVE authenticated account","AVD-004 declares ordinary operational read access for ACTIVE accounts; route gate alone does not prove the read model’s runtime outcome.","No action implied by link/page. Owning use case enforces permission, scope, state, SoD, version, signature, and business rules."
"RT-REPORT-001","/reports","src/pages/reports/index.astro","Insights / Reports","yazeed","Visible to ACTIVE account","Allowed by page gate for ACTIVE authenticated account","AVD-004 declares ordinary operational read access for ACTIVE accounts; route gate alone does not prove the read model’s runtime outcome.","No action implied by link/page. Owning use case enforces permission, scope, state, SoD, version, signature, and business rules."
"RT-REPORT-002","/reports/[reportCode]","src/pages/reports/[reportCode].astro","No primary-nav item; contextual links/direct route","Employee","Visible to ACTIVE account","Allowed by page gate for ACTIVE authenticated account","AVD-004 declares ordinary operational read access for ACTIVE accounts; route gate alone does not prove the read model’s runtime outcome.","No action implied by link/page. Owning use case enforces permission, scope, state, SoD, version, signature, and business rules."
"RT-REPORT-002","/reports/[reportCode]","src/pages/reports/[reportCode].astro","No primary-nav item; contextual links/direct route","Supervisor","Visible to ACTIVE account","Allowed by page gate for ACTIVE authenticated account","AVD-004 declares ordinary operational read access for ACTIVE accounts; route gate alone does not prove the read model’s runtime outcome.","No action implied by link/page. Owning use case enforces permission, scope, state, SoD, version, signature, and business rules."
"RT-REPORT-002","/reports/[reportCode]","src/pages/reports/[reportCode].astro","No primary-nav item; contextual links/direct route","Manager","Visible to ACTIVE account","Allowed by page gate for ACTIVE authenticated account","AVD-004 declares ordinary operational read access for ACTIVE accounts; route gate alone does not prove the read model’s runtime outcome.","No action implied by link/page. Owning use case enforces permission, scope, state, SoD, version, signature, and business rules."
"RT-REPORT-002","/reports/[reportCode]","src/pages/reports/[reportCode].astro","No primary-nav item; contextual links/direct route","Admin","Visible to ACTIVE account","Allowed by page gate for ACTIVE authenticated account","AVD-004 declares ordinary operational read access for ACTIVE accounts; route gate alone does not prove the read model’s runtime outcome.","No action implied by link/page. Owning use case enforces permission, scope, state, SoD, version, signature, and business rules."
"RT-REPORT-002","/reports/[reportCode]","src/pages/reports/[reportCode].astro","No primary-nav item; contextual links/direct route","yazeed","Visible to ACTIVE account","Allowed by page gate for ACTIVE authenticated account","AVD-004 declares ordinary operational read access for ACTIVE accounts; route gate alone does not prove the read model’s runtime outcome.","No action implied by link/page. Owning use case enforces permission, scope, state, SoD, version, signature, and business rules."
"RT-ADMIN-001","/admin","src/pages/admin/index.astro","Administration / Administration","Employee","Visible to ACTIVE account","Allowed by page gate for ACTIVE authenticated account","Identity/security administration data needs its explicit read authorization; route visibility grants none.","No action implied by link/page. Owning use case enforces permission, scope, state, SoD, version, signature, and business rules."
"RT-ADMIN-001","/admin","src/pages/admin/index.astro","Administration / Administration","Supervisor","Visible to ACTIVE account","Allowed by page gate for ACTIVE authenticated account","Identity/security administration data needs its explicit read authorization; route visibility grants none.","No action implied by link/page. Owning use case enforces permission, scope, state, SoD, version, signature, and business rules."
"RT-ADMIN-001","/admin","src/pages/admin/index.astro","Administration / Administration","Manager","Visible to ACTIVE account","Allowed by page gate for ACTIVE authenticated account","Identity/security administration data needs its explicit read authorization; route visibility grants none.","No action implied by link/page. Owning use case enforces permission, scope, state, SoD, version, signature, and business rules."
"RT-ADMIN-001","/admin","src/pages/admin/index.astro","Administration / Administration","Admin","Visible to ACTIVE account","Allowed by page gate for ACTIVE authenticated account","Identity/security administration data needs its explicit read authorization; route visibility grants none.","No action implied by link/page. Owning use case enforces permission, scope, state, SoD, version, signature, and business rules."
"RT-ADMIN-001","/admin","src/pages/admin/index.astro","Administration / Administration","yazeed","Visible to ACTIVE account","Allowed by page gate for ACTIVE authenticated account","Identity/security administration data needs its explicit read authorization; route visibility grants none.","No action implied by link/page. Owning use case enforces permission, scope, state, SoD, version, signature, and business rules."
"RT-USER-001","/admin/users","src/pages/admin/users/index.astro","Administration / Users","Employee","Visible to ACTIVE account","Allowed by page gate for ACTIVE authenticated account","Identity/security administration data needs its explicit read authorization; route visibility grants none.","No action implied by link/page. Owning use case enforces permission, scope, state, SoD, version, signature, and business rules."
"RT-USER-001","/admin/users","src/pages/admin/users/index.astro","Administration / Users","Supervisor","Visible to ACTIVE account","Allowed by page gate for ACTIVE authenticated account","Identity/security administration data needs its explicit read authorization; route visibility grants none.","No action implied by link/page. Owning use case enforces permission, scope, state, SoD, version, signature, and business rules."
"RT-USER-001","/admin/users","src/pages/admin/users/index.astro","Administration / Users","Manager","Visible to ACTIVE account","Allowed by page gate for ACTIVE authenticated account","Identity/security administration data needs its explicit read authorization; route visibility grants none.","No action implied by link/page. Owning use case enforces permission, scope, state, SoD, version, signature, and business rules."
"RT-USER-001","/admin/users","src/pages/admin/users/index.astro","Administration / Users","Admin","Visible to ACTIVE account","Allowed by page gate for ACTIVE authenticated account","Identity/security administration data needs its explicit read authorization; route visibility grants none.","No action implied by link/page. Owning use case enforces permission, scope, state, SoD, version, signature, and business rules."
"RT-USER-001","/admin/users","src/pages/admin/users/index.astro","Administration / Users","yazeed","Visible to ACTIVE account","Allowed by page gate for ACTIVE authenticated account","Identity/security administration data needs its explicit read authorization; route visibility grants none.","No action implied by link/page. Owning use case enforces permission, scope, state, SoD, version, signature, and business rules."
"RT-USER-002","/admin/users/new","src/pages/admin/users/new.astro","No primary-nav item; contextual links/direct route","Employee","Visible to ACTIVE account","Allowed by page gate for ACTIVE authenticated account","Identity/security administration data needs its explicit read authorization; route visibility grants none.","No action implied by link/page. Owning use case enforces permission, scope, state, SoD, version, signature, and business rules."
"RT-USER-002","/admin/users/new","src/pages/admin/users/new.astro","No primary-nav item; contextual links/direct route","Supervisor","Visible to ACTIVE account","Allowed by page gate for ACTIVE authenticated account","Identity/security administration data needs its explicit read authorization; route visibility grants none.","No action implied by link/page. Owning use case enforces permission, scope, state, SoD, version, signature, and business rules."
"RT-USER-002","/admin/users/new","src/pages/admin/users/new.astro","No primary-nav item; contextual links/direct route","Manager","Visible to ACTIVE account","Allowed by page gate for ACTIVE authenticated account","Identity/security administration data needs its explicit read authorization; route visibility grants none.","No action implied by link/page. Owning use case enforces permission, scope, state, SoD, version, signature, and business rules."
"RT-USER-002","/admin/users/new","src/pages/admin/users/new.astro","No primary-nav item; contextual links/direct route","Admin","Visible to ACTIVE account","Allowed by page gate for ACTIVE authenticated account","Identity/security administration data needs its explicit read authorization; route visibility grants none.","No action implied by link/page. Owning use case enforces permission, scope, state, SoD, version, signature, and business rules."
"RT-USER-002","/admin/users/new","src/pages/admin/users/new.astro","No primary-nav item; contextual links/direct route","yazeed","Visible to ACTIVE account","Allowed by page gate for ACTIVE authenticated account","Identity/security administration data needs its explicit read authorization; route visibility grants none.","No action implied by link/page. Owning use case enforces permission, scope, state, SoD, version, signature, and business rules."
"RT-USER-003","/admin/users/[userId]","src/pages/admin/users/[userId].astro","No primary-nav item; contextual links/direct route","Employee","Visible to ACTIVE account","Allowed by page gate for ACTIVE authenticated account","Identity/security administration data needs its explicit read authorization; route visibility grants none.","No action implied by link/page. Owning use case enforces permission, scope, state, SoD, version, signature, and business rules."
"RT-USER-003","/admin/users/[userId]","src/pages/admin/users/[userId].astro","No primary-nav item; contextual links/direct route","Supervisor","Visible to ACTIVE account","Allowed by page gate for ACTIVE authenticated account","Identity/security administration data needs its explicit read authorization; route visibility grants none.","No action implied by link/page. Owning use case enforces permission, scope, state, SoD, version, signature, and business rules."
"RT-USER-003","/admin/users/[userId]","src/pages/admin/users/[userId].astro","No primary-nav item; contextual links/direct route","Manager","Visible to ACTIVE account","Allowed by page gate for ACTIVE authenticated account","Identity/security administration data needs its explicit read authorization; route visibility grants none.","No action implied by link/page. Owning use case enforces permission, scope, state, SoD, version, signature, and business rules."
"RT-USER-003","/admin/users/[userId]","src/pages/admin/users/[userId].astro","No primary-nav item; contextual links/direct route","Admin","Visible to ACTIVE account","Allowed by page gate for ACTIVE authenticated account","Identity/security administration data needs its explicit read authorization; route visibility grants none.","No action implied by link/page. Owning use case enforces permission, scope, state, SoD, version, signature, and business rules."
"RT-USER-003","/admin/users/[userId]","src/pages/admin/users/[userId].astro","No primary-nav item; contextual links/direct route","yazeed","Visible to ACTIVE account","Allowed by page gate for ACTIVE authenticated account","Identity/security administration data needs its explicit read authorization; route visibility grants none.","No action implied by link/page. Owning use case enforces permission, scope, state, SoD, version, signature, and business rules."
"RT-ROLE-001","/admin/roles","src/pages/admin/roles/index.astro","Administration / Roles","Employee","Visible to ACTIVE account","Allowed by page gate for ACTIVE authenticated account","Identity/security administration data needs its explicit read authorization; route visibility grants none.","No action implied by link/page. Owning use case enforces permission, scope, state, SoD, version, signature, and business rules."
"RT-ROLE-001","/admin/roles","src/pages/admin/roles/index.astro","Administration / Roles","Supervisor","Visible to ACTIVE account","Allowed by page gate for ACTIVE authenticated account","Identity/security administration data needs its explicit read authorization; route visibility grants none.","No action implied by link/page. Owning use case enforces permission, scope, state, SoD, version, signature, and business rules."
"RT-ROLE-001","/admin/roles","src/pages/admin/roles/index.astro","Administration / Roles","Manager","Visible to ACTIVE account","Allowed by page gate for ACTIVE authenticated account","Identity/security administration data needs its explicit read authorization; route visibility grants none.","No action implied by link/page. Owning use case enforces permission, scope, state, SoD, version, signature, and business rules."
"RT-ROLE-001","/admin/roles","src/pages/admin/roles/index.astro","Administration / Roles","Admin","Visible to ACTIVE account","Allowed by page gate for ACTIVE authenticated account","Identity/security administration data needs its explicit read authorization; route visibility grants none.","No action implied by link/page. Owning use case enforces permission, scope, state, SoD, version, signature, and business rules."
"RT-ROLE-001","/admin/roles","src/pages/admin/roles/index.astro","Administration / Roles","yazeed","Visible to ACTIVE account","Allowed by page gate for ACTIVE authenticated account","Identity/security administration data needs its explicit read authorization; route visibility grants none.","No action implied by link/page. Owning use case enforces permission, scope, state, SoD, version, signature, and business rules."
"RT-ROLE-002","/admin/roles/[roleId]","src/pages/admin/roles/[roleId].astro","No primary-nav item; contextual links/direct route","Employee","Visible to ACTIVE account","Allowed by page gate for ACTIVE authenticated account","Identity/security administration data needs its explicit read authorization; route visibility grants none.","No action implied by link/page. Owning use case enforces permission, scope, state, SoD, version, signature, and business rules."
"RT-ROLE-002","/admin/roles/[roleId]","src/pages/admin/roles/[roleId].astro","No primary-nav item; contextual links/direct route","Supervisor","Visible to ACTIVE account","Allowed by page gate for ACTIVE authenticated account","Identity/security administration data needs its explicit read authorization; route visibility grants none.","No action implied by link/page. Owning use case enforces permission, scope, state, SoD, version, signature, and business rules."
"RT-ROLE-002","/admin/roles/[roleId]","src/pages/admin/roles/[roleId].astro","No primary-nav item; contextual links/direct route","Manager","Visible to ACTIVE account","Allowed by page gate for ACTIVE authenticated account","Identity/security administration data needs its explicit read authorization; route visibility grants none.","No action implied by link/page. Owning use case enforces permission, scope, state, SoD, version, signature, and business rules."
"RT-ROLE-002","/admin/roles/[roleId]","src/pages/admin/roles/[roleId].astro","No primary-nav item; contextual links/direct route","Admin","Visible to ACTIVE account","Allowed by page gate for ACTIVE authenticated account","Identity/security administration data needs its explicit read authorization; route visibility grants none.","No action implied by link/page. Owning use case enforces permission, scope, state, SoD, version, signature, and business rules."
"RT-ROLE-002","/admin/roles/[roleId]","src/pages/admin/roles/[roleId].astro","No primary-nav item; contextual links/direct route","yazeed","Visible to ACTIVE account","Allowed by page gate for ACTIVE authenticated account","Identity/security administration data needs its explicit read authorization; route visibility grants none.","No action implied by link/page. Owning use case enforces permission, scope, state, SoD, version, signature, and business rules."
"RT-ADMIN-002","/admin/permissions","src/pages/admin/permissions/index.astro","Administration / Permissions","Employee","Visible to ACTIVE account","Allowed by page gate for ACTIVE authenticated account","Identity/security administration data needs its explicit read authorization; route visibility grants none.","No action implied by link/page. Owning use case enforces permission, scope, state, SoD, version, signature, and business rules."
"RT-ADMIN-002","/admin/permissions","src/pages/admin/permissions/index.astro","Administration / Permissions","Supervisor","Visible to ACTIVE account","Allowed by page gate for ACTIVE authenticated account","Identity/security administration data needs its explicit read authorization; route visibility grants none.","No action implied by link/page. Owning use case enforces permission, scope, state, SoD, version, signature, and business rules."
"RT-ADMIN-002","/admin/permissions","src/pages/admin/permissions/index.astro","Administration / Permissions","Manager","Visible to ACTIVE account","Allowed by page gate for ACTIVE authenticated account","Identity/security administration data needs its explicit read authorization; route visibility grants none.","No action implied by link/page. Owning use case enforces permission, scope, state, SoD, version, signature, and business rules."
"RT-ADMIN-002","/admin/permissions","src/pages/admin/permissions/index.astro","Administration / Permissions","Admin","Visible to ACTIVE account","Allowed by page gate for ACTIVE authenticated account","Identity/security administration data needs its explicit read authorization; route visibility grants none.","No action implied by link/page. Owning use case enforces permission, scope, state, SoD, version, signature, and business rules."
"RT-ADMIN-002","/admin/permissions","src/pages/admin/permissions/index.astro","Administration / Permissions","yazeed","Visible to ACTIVE account","Allowed by page gate for ACTIVE authenticated account","Identity/security administration data needs its explicit read authorization; route visibility grants none.","No action implied by link/page. Owning use case enforces permission, scope, state, SoD, version, signature, and business rules."
"RT-ADMIN-003","/admin/scopes","src/pages/admin/scopes/index.astro","Administration / Scopes","Employee","Visible to ACTIVE account","Allowed by page gate for ACTIVE authenticated account","Identity/security administration data needs its explicit read authorization; route visibility grants none.","No action implied by link/page. Owning use case enforces permission, scope, state, SoD, version, signature, and business rules."
"RT-ADMIN-003","/admin/scopes","src/pages/admin/scopes/index.astro","Administration / Scopes","Supervisor","Visible to ACTIVE account","Allowed by page gate for ACTIVE authenticated account","Identity/security administration data needs its explicit read authorization; route visibility grants none.","No action implied by link/page. Owning use case enforces permission, scope, state, SoD, version, signature, and business rules."
"RT-ADMIN-003","/admin/scopes","src/pages/admin/scopes/index.astro","Administration / Scopes","Manager","Visible to ACTIVE account","Allowed by page gate for ACTIVE authenticated account","Identity/security administration data needs its explicit read authorization; route visibility grants none.","No action implied by link/page. Owning use case enforces permission, scope, state, SoD, version, signature, and business rules."
"RT-ADMIN-003","/admin/scopes","src/pages/admin/scopes/index.astro","Administration / Scopes","Admin","Visible to ACTIVE account","Allowed by page gate for ACTIVE authenticated account","Identity/security administration data needs its explicit read authorization; route visibility grants none.","No action implied by link/page. Owning use case enforces permission, scope, state, SoD, version, signature, and business rules."
"RT-ADMIN-003","/admin/scopes","src/pages/admin/scopes/index.astro","Administration / Scopes","yazeed","Visible to ACTIVE account","Allowed by page gate for ACTIVE authenticated account","Identity/security administration data needs its explicit read authorization; route visibility grants none.","No action implied by link/page. Owning use case enforces permission, scope, state, SoD, version, signature, and business rules."
"RT-SYSTEM-001","/system/health","src/pages/system/health.astro","System / System health","Employee","Hidden","404 for non-owner","Denied with page.","Read-only health; no QC mutation."
"RT-SYSTEM-001","/system/health","src/pages/system/health.astro","System / System health","Supervisor","Hidden","404 for non-owner","Denied with page.","Read-only health; no QC mutation."
"RT-SYSTEM-001","/system/health","src/pages/system/health.astro","System / System health","Manager","Hidden","404 for non-owner","Denied with page.","Read-only health; no QC mutation."
"RT-SYSTEM-001","/system/health","src/pages/system/health.astro","System / System health","Admin","Hidden","404 for non-owner","Denied with page.","Read-only health; no QC mutation."
"RT-SYSTEM-001","/system/health","src/pages/system/health.astro","System / System health","yazeed","Visible to ACTIVE account","Allowed only for ACTIVE yazeed/SYSTEM_OWNER","Sanitized owner-only read model; raw secrets/diagnostics excluded.","Read-only health; no QC mutation."
"RT-SYSTEM-002","/system/control-center","src/pages/system/control-center.astro","System / Control center","Employee","Hidden","404 for non-owner","Denied with page.","Denied with page."
"RT-SYSTEM-002","/system/control-center","src/pages/system/control-center.astro","System / Control center","Supervisor","Hidden","404 for non-owner","Denied with page.","Denied with page."
"RT-SYSTEM-002","/system/control-center","src/pages/system/control-center.astro","System / Control center","Manager","Hidden","404 for non-owner","Denied with page.","Denied with page."
"RT-SYSTEM-002","/system/control-center","src/pages/system/control-center.astro","System / Control center","Admin","Hidden","404 for non-owner","Denied with page.","Denied with page."
"RT-SYSTEM-002","/system/control-center","src/pages/system/control-center.astro","System / Control center","yazeed","Visible to ACTIVE account","Allowed only for ACTIVE yazeed/SYSTEM_OWNER","Sanitized owner-only read model; raw secrets/diagnostics excluded.","Control-center actions only through owning use cases and their explicit checks."
"RT-BACKUP-001","/system/backups","src/pages/system/backups/index.astro","System / Backup and recovery","Employee","Visible to ACTIVE account","Allowed by page gate for ACTIVE authenticated account","AVD-004 declares ordinary operational read access for ACTIVE accounts; route gate alone does not prove the read model’s runtime outcome.","No action implied by link/page. Owning use case enforces permission, scope, state, SoD, version, signature, and business rules."
"RT-BACKUP-001","/system/backups","src/pages/system/backups/index.astro","System / Backup and recovery","Supervisor","Visible to ACTIVE account","Allowed by page gate for ACTIVE authenticated account","AVD-004 declares ordinary operational read access for ACTIVE accounts; route gate alone does not prove the read model’s runtime outcome.","No action implied by link/page. Owning use case enforces permission, scope, state, SoD, version, signature, and business rules."
"RT-BACKUP-001","/system/backups","src/pages/system/backups/index.astro","System / Backup and recovery","Manager","Visible to ACTIVE account","Allowed by page gate for ACTIVE authenticated account","AVD-004 declares ordinary operational read access for ACTIVE accounts; route gate alone does not prove the read model’s runtime outcome.","No action implied by link/page. Owning use case enforces permission, scope, state, SoD, version, signature, and business rules."
"RT-BACKUP-001","/system/backups","src/pages/system/backups/index.astro","System / Backup and recovery","Admin","Visible to ACTIVE account","Allowed by page gate for ACTIVE authenticated account","AVD-004 declares ordinary operational read access for ACTIVE accounts; route gate alone does not prove the read model’s runtime outcome.","No action implied by link/page. Owning use case enforces permission, scope, state, SoD, version, signature, and business rules."
"RT-BACKUP-001","/system/backups","src/pages/system/backups/index.astro","System / Backup and recovery","yazeed","Visible to ACTIVE account","Allowed by page gate for ACTIVE authenticated account","AVD-004 declares ordinary operational read access for ACTIVE accounts; route gate alone does not prove the read model’s runtime outcome.","No action implied by link/page. Owning use case enforces permission, scope, state, SoD, version, signature, and business rules."
"RT-BACKUP-002","/system/backups/[backupId]","src/pages/system/backups/[backupId]/index.astro","No primary-nav item; contextual links/direct route","Employee","Visible to ACTIVE account","Allowed by page gate for ACTIVE authenticated account","AVD-004 declares ordinary operational read access for ACTIVE accounts; route gate alone does not prove the read model’s runtime outcome.","No action implied by link/page. Owning use case enforces permission, scope, state, SoD, version, signature, and business rules."
"RT-BACKUP-002","/system/backups/[backupId]","src/pages/system/backups/[backupId]/index.astro","No primary-nav item; contextual links/direct route","Supervisor","Visible to ACTIVE account","Allowed by page gate for ACTIVE authenticated account","AVD-004 declares ordinary operational read access for ACTIVE accounts; route gate alone does not prove the read model’s runtime outcome.","No action implied by link/page. Owning use case enforces permission, scope, state, SoD, version, signature, and business rules."
"RT-BACKUP-002","/system/backups/[backupId]","src/pages/system/backups/[backupId]/index.astro","No primary-nav item; contextual links/direct route","Manager","Visible to ACTIVE account","Allowed by page gate for ACTIVE authenticated account","AVD-004 declares ordinary operational read access for ACTIVE accounts; route gate alone does not prove the read model’s runtime outcome.","No action implied by link/page. Owning use case enforces permission, scope, state, SoD, version, signature, and business rules."
"RT-BACKUP-002","/system/backups/[backupId]","src/pages/system/backups/[backupId]/index.astro","No primary-nav item; contextual links/direct route","Admin","Visible to ACTIVE account","Allowed by page gate for ACTIVE authenticated account","AVD-004 declares ordinary operational read access for ACTIVE accounts; route gate alone does not prove the read model’s runtime outcome.","No action implied by link/page. Owning use case enforces permission, scope, state, SoD, version, signature, and business rules."
"RT-BACKUP-002","/system/backups/[backupId]","src/pages/system/backups/[backupId]/index.astro","No primary-nav item; contextual links/direct route","yazeed","Visible to ACTIVE account","Allowed by page gate for ACTIVE authenticated account","AVD-004 declares ordinary operational read access for ACTIVE accounts; route gate alone does not prove the read model’s runtime outcome.","No action implied by link/page. Owning use case enforces permission, scope, state, SoD, version, signature, and business rules."
"RT-BACKUP-003","/system/backups/[backupId]/restore","src/pages/system/backups/[backupId]/restore.astro","No primary-nav item; contextual links/direct route","Employee","Visible to ACTIVE account","Allowed by page gate for ACTIVE authenticated account","AVD-004 declares ordinary operational read access for ACTIVE accounts; route gate alone does not prove the read model’s runtime outcome.","No action implied by link/page. Owning use case enforces permission, scope, state, SoD, version, signature, and business rules."
"RT-BACKUP-003","/system/backups/[backupId]/restore","src/pages/system/backups/[backupId]/restore.astro","No primary-nav item; contextual links/direct route","Supervisor","Visible to ACTIVE account","Allowed by page gate for ACTIVE authenticated account","AVD-004 declares ordinary operational read access for ACTIVE accounts; route gate alone does not prove the read model’s runtime outcome.","No action implied by link/page. Owning use case enforces permission, scope, state, SoD, version, signature, and business rules."
"RT-BACKUP-003","/system/backups/[backupId]/restore","src/pages/system/backups/[backupId]/restore.astro","No primary-nav item; contextual links/direct route","Manager","Visible to ACTIVE account","Allowed by page gate for ACTIVE authenticated account","AVD-004 declares ordinary operational read access for ACTIVE accounts; route gate alone does not prove the read model’s runtime outcome.","No action implied by link/page. Owning use case enforces permission, scope, state, SoD, version, signature, and business rules."
"RT-BACKUP-003","/system/backups/[backupId]/restore","src/pages/system/backups/[backupId]/restore.astro","No primary-nav item; contextual links/direct route","Admin","Visible to ACTIVE account","Allowed by page gate for ACTIVE authenticated account","AVD-004 declares ordinary operational read access for ACTIVE accounts; route gate alone does not prove the read model’s runtime outcome.","No action implied by link/page. Owning use case enforces permission, scope, state, SoD, version, signature, and business rules."
"RT-BACKUP-003","/system/backups/[backupId]/restore","src/pages/system/backups/[backupId]/restore.astro","No primary-nav item; contextual links/direct route","yazeed","Visible to ACTIVE account","Allowed by page gate for ACTIVE authenticated account","AVD-004 declares ordinary operational read access for ACTIVE accounts; route gate alone does not prove the read model’s runtime outcome.","No action implied by link/page. Owning use case enforces permission, scope, state, SoD, version, signature, and business rules."
"RT-REJ-001","/reject-reports","src/pages/reject-reports/index.astro","Quality / Reject Reports","Employee","Visible to ACTIVE account","Allowed by page gate for ACTIVE authenticated account","AVD-004 declares ordinary operational read access for ACTIVE accounts; route gate alone does not prove the read model’s runtime outcome.","No action implied by link/page. Owning use case enforces permission, scope, state, SoD, version, signature, and business rules."
"RT-REJ-001","/reject-reports","src/pages/reject-reports/index.astro","Quality / Reject Reports","Supervisor","Visible to ACTIVE account","Allowed by page gate for ACTIVE authenticated account","AVD-004 declares ordinary operational read access for ACTIVE accounts; route gate alone does not prove the read model’s runtime outcome.","No action implied by link/page. Owning use case enforces permission, scope, state, SoD, version, signature, and business rules."
"RT-REJ-001","/reject-reports","src/pages/reject-reports/index.astro","Quality / Reject Reports","Manager","Visible to ACTIVE account","Allowed by page gate for ACTIVE authenticated account","AVD-004 declares ordinary operational read access for ACTIVE accounts; route gate alone does not prove the read model’s runtime outcome.","No action implied by link/page. Owning use case enforces permission, scope, state, SoD, version, signature, and business rules."
"RT-REJ-001","/reject-reports","src/pages/reject-reports/index.astro","Quality / Reject Reports","Admin","Visible to ACTIVE account","Allowed by page gate for ACTIVE authenticated account","AVD-004 declares ordinary operational read access for ACTIVE accounts; route gate alone does not prove the read model’s runtime outcome.","No action implied by link/page. Owning use case enforces permission, scope, state, SoD, version, signature, and business rules."
"RT-REJ-001","/reject-reports","src/pages/reject-reports/index.astro","Quality / Reject Reports","yazeed","Visible to ACTIVE account","Allowed by page gate for ACTIVE authenticated account","AVD-004 declares ordinary operational read access for ACTIVE accounts; route gate alone does not prove the read model’s runtime outcome.","No action implied by link/page. Owning use case enforces permission, scope, state, SoD, version, signature, and business rules."
"RT-REJ-002","/reject-reports/new","src/pages/reject-reports/new.astro","No primary-nav item; contextual links/direct route","Employee","Visible to ACTIVE account","Allowed by page gate for ACTIVE authenticated account","AVD-004 declares ordinary operational read access for ACTIVE accounts; route gate alone does not prove the read model’s runtime outcome.","No action implied by link/page. Owning use case enforces permission, scope, state, SoD, version, signature, and business rules."
"RT-REJ-002","/reject-reports/new","src/pages/reject-reports/new.astro","No primary-nav item; contextual links/direct route","Supervisor","Visible to ACTIVE account","Allowed by page gate for ACTIVE authenticated account","AVD-004 declares ordinary operational read access for ACTIVE accounts; route gate alone does not prove the read model’s runtime outcome.","No action implied by link/page. Owning use case enforces permission, scope, state, SoD, version, signature, and business rules."
"RT-REJ-002","/reject-reports/new","src/pages/reject-reports/new.astro","No primary-nav item; contextual links/direct route","Manager","Visible to ACTIVE account","Allowed by page gate for ACTIVE authenticated account","AVD-004 declares ordinary operational read access for ACTIVE accounts; route gate alone does not prove the read model’s runtime outcome.","No action implied by link/page. Owning use case enforces permission, scope, state, SoD, version, signature, and business rules."
"RT-REJ-002","/reject-reports/new","src/pages/reject-reports/new.astro","No primary-nav item; contextual links/direct route","Admin","Visible to ACTIVE account","Allowed by page gate for ACTIVE authenticated account","AVD-004 declares ordinary operational read access for ACTIVE accounts; route gate alone does not prove the read model’s runtime outcome.","No action implied by link/page. Owning use case enforces permission, scope, state, SoD, version, signature, and business rules."
"RT-REJ-002","/reject-reports/new","src/pages/reject-reports/new.astro","No primary-nav item; contextual links/direct route","yazeed","Visible to ACTIVE account","Allowed by page gate for ACTIVE authenticated account","AVD-004 declares ordinary operational read access for ACTIVE accounts; route gate alone does not prove the read model’s runtime outcome.","No action implied by link/page. Owning use case enforces permission, scope, state, SoD, version, signature, and business rules."
"RT-REJ-003","/reject-reports/issue-slips/[reportId]","src/pages/reject-reports/issue-slips/[reportId].astro","No primary-nav item; contextual links/direct route","Employee","Visible to ACTIVE account","Allowed by page gate for ACTIVE authenticated account","AVD-004 declares ordinary operational read access for ACTIVE accounts; route gate alone does not prove the read model’s runtime outcome.","No action implied by link/page. Owning use case enforces permission, scope, state, SoD, version, signature, and business rules."
"RT-REJ-003","/reject-reports/issue-slips/[reportId]","src/pages/reject-reports/issue-slips/[reportId].astro","No primary-nav item; contextual links/direct route","Supervisor","Visible to ACTIVE account","Allowed by page gate for ACTIVE authenticated account","AVD-004 declares ordinary operational read access for ACTIVE accounts; route gate alone does not prove the read model’s runtime outcome.","No action implied by link/page. Owning use case enforces permission, scope, state, SoD, version, signature, and business rules."
"RT-REJ-003","/reject-reports/issue-slips/[reportId]","src/pages/reject-reports/issue-slips/[reportId].astro","No primary-nav item; contextual links/direct route","Manager","Visible to ACTIVE account","Allowed by page gate for ACTIVE authenticated account","AVD-004 declares ordinary operational read access for ACTIVE accounts; route gate alone does not prove the read model’s runtime outcome.","No action implied by link/page. Owning use case enforces permission, scope, state, SoD, version, signature, and business rules."
"RT-REJ-003","/reject-reports/issue-slips/[reportId]","src/pages/reject-reports/issue-slips/[reportId].astro","No primary-nav item; contextual links/direct route","Admin","Visible to ACTIVE account","Allowed by page gate for ACTIVE authenticated account","AVD-004 declares ordinary operational read access for ACTIVE accounts; route gate alone does not prove the read model’s runtime outcome.","No action implied by link/page. Owning use case enforces permission, scope, state, SoD, version, signature, and business rules."
"RT-REJ-003","/reject-reports/issue-slips/[reportId]","src/pages/reject-reports/issue-slips/[reportId].astro","No primary-nav item; contextual links/direct route","yazeed","Visible to ACTIVE account","Allowed by page gate for ACTIVE authenticated account","AVD-004 declares ordinary operational read access for ACTIVE accounts; route gate alone does not prove the read model’s runtime outcome.","No action implied by link/page. Owning use case enforces permission, scope, state, SoD, version, signature, and business rules."
"RT-REJ-004","/reject-reports/daily/[reportId]","src/pages/reject-reports/daily/[reportId].astro","No primary-nav item; contextual links/direct route","Employee","Visible to ACTIVE account","Allowed by page gate for ACTIVE authenticated account","AVD-004 declares ordinary operational read access for ACTIVE accounts; route gate alone does not prove the read model’s runtime outcome.","No action implied by link/page. Owning use case enforces permission, scope, state, SoD, version, signature, and business rules."
"RT-REJ-004","/reject-reports/daily/[reportId]","src/pages/reject-reports/daily/[reportId].astro","No primary-nav item; contextual links/direct route","Supervisor","Visible to ACTIVE account","Allowed by page gate for ACTIVE authenticated account","AVD-004 declares ordinary operational read access for ACTIVE accounts; route gate alone does not prove the read model’s runtime outcome.","No action implied by link/page. Owning use case enforces permission, scope, state, SoD, version, signature, and business rules."
"RT-REJ-004","/reject-reports/daily/[reportId]","src/pages/reject-reports/daily/[reportId].astro","No primary-nav item; contextual links/direct route","Manager","Visible to ACTIVE account","Allowed by page gate for ACTIVE authenticated account","AVD-004 declares ordinary operational read access for ACTIVE accounts; route gate alone does not prove the read model’s runtime outcome.","No action implied by link/page. Owning use case enforces permission, scope, state, SoD, version, signature, and business rules."
"RT-REJ-004","/reject-reports/daily/[reportId]","src/pages/reject-reports/daily/[reportId].astro","No primary-nav item; contextual links/direct route","Admin","Visible to ACTIVE account","Allowed by page gate for ACTIVE authenticated account","AVD-004 declares ordinary operational read access for ACTIVE accounts; route gate alone does not prove the read model’s runtime outcome.","No action implied by link/page. Owning use case enforces permission, scope, state, SoD, version, signature, and business rules."
"RT-REJ-004","/reject-reports/daily/[reportId]","src/pages/reject-reports/daily/[reportId].astro","No primary-nav item; contextual links/direct route","yazeed","Visible to ACTIVE account","Allowed by page gate for ACTIVE authenticated account","AVD-004 declares ordinary operational read access for ACTIVE accounts; route gate alone does not prove the read model’s runtime outcome.","No action implied by link/page. Owning use case enforces permission, scope, state, SoD, version, signature, and business rules."
"RT-AI-001","/ai-advisory","src/pages/ai-advisory.astro","Insights / AI advisory","Employee","Visible to ACTIVE account","Allowed by page gate for ACTIVE authenticated account","AVD-004 declares ordinary operational read access for ACTIVE accounts; route gate alone does not prove the read model’s runtime outcome.","No action implied by link/page. Owning use case enforces permission, scope, state, SoD, version, signature, and business rules."
"RT-AI-001","/ai-advisory","src/pages/ai-advisory.astro","Insights / AI advisory","Supervisor","Visible to ACTIVE account","Allowed by page gate for ACTIVE authenticated account","AVD-004 declares ordinary operational read access for ACTIVE accounts; route gate alone does not prove the read model’s runtime outcome.","No action implied by link/page. Owning use case enforces permission, scope, state, SoD, version, signature, and business rules."
"RT-AI-001","/ai-advisory","src/pages/ai-advisory.astro","Insights / AI advisory","Manager","Visible to ACTIVE account","Allowed by page gate for ACTIVE authenticated account","AVD-004 declares ordinary operational read access for ACTIVE accounts; route gate alone does not prove the read model’s runtime outcome.","No action implied by link/page. Owning use case enforces permission, scope, state, SoD, version, signature, and business rules."
"RT-AI-001","/ai-advisory","src/pages/ai-advisory.astro","Insights / AI advisory","Admin","Visible to ACTIVE account","Allowed by page gate for ACTIVE authenticated account","AVD-004 declares ordinary operational read access for ACTIVE accounts; route gate alone does not prove the read model’s runtime outcome.","No action implied by link/page. Owning use case enforces permission, scope, state, SoD, version, signature, and business rules."
"RT-AI-001","/ai-advisory","src/pages/ai-advisory.astro","Insights / AI advisory","yazeed","Visible to ACTIVE account","Allowed by page gate for ACTIVE authenticated account","AVD-004 declares ordinary operational read access for ACTIVE accounts; route gate alone does not prove the read model’s runtime outcome.","No action implied by link/page. Owning use case enforces permission, scope, state, SoD, version, signature, and business rules."
"RT-SHARED-001","/search","src/pages/search.astro","System / Search","Employee","Visible to ACTIVE account","Allowed by page gate for ACTIVE authenticated account","AVD-004 declares ordinary operational read access for ACTIVE accounts; route gate alone does not prove the read model’s runtime outcome.","No action implied by link/page. Owning use case enforces permission, scope, state, SoD, version, signature, and business rules."
"RT-SHARED-001","/search","src/pages/search.astro","System / Search","Supervisor","Visible to ACTIVE account","Allowed by page gate for ACTIVE authenticated account","AVD-004 declares ordinary operational read access for ACTIVE accounts; route gate alone does not prove the read model’s runtime outcome.","No action implied by link/page. Owning use case enforces permission, scope, state, SoD, version, signature, and business rules."
"RT-SHARED-001","/search","src/pages/search.astro","System / Search","Manager","Visible to ACTIVE account","Allowed by page gate for ACTIVE authenticated account","AVD-004 declares ordinary operational read access for ACTIVE accounts; route gate alone does not prove the read model’s runtime outcome.","No action implied by link/page. Owning use case enforces permission, scope, state, SoD, version, signature, and business rules."
"RT-SHARED-001","/search","src/pages/search.astro","System / Search","Admin","Visible to ACTIVE account","Allowed by page gate for ACTIVE authenticated account","AVD-004 declares ordinary operational read access for ACTIVE accounts; route gate alone does not prove the read model’s runtime outcome.","No action implied by link/page. Owning use case enforces permission, scope, state, SoD, version, signature, and business rules."
"RT-SHARED-001","/search","src/pages/search.astro","System / Search","yazeed","Visible to ACTIVE account","Allowed by page gate for ACTIVE authenticated account","AVD-004 declares ordinary operational read access for ACTIVE accounts; route gate alone does not prove the read model’s runtime outcome.","No action implied by link/page. Owning use case enforces permission, scope, state, SoD, version, signature, and business rules."
"RT-SHARED-002","/notifications","src/pages/notifications.astro","System / Notifications","Employee","Visible to ACTIVE account","Allowed by page gate for ACTIVE authenticated account","AVD-004 declares ordinary operational read access for ACTIVE accounts; route gate alone does not prove the read model’s runtime outcome.","No action implied by link/page. Owning use case enforces permission, scope, state, SoD, version, signature, and business rules."
"RT-SHARED-002","/notifications","src/pages/notifications.astro","System / Notifications","Supervisor","Visible to ACTIVE account","Allowed by page gate for ACTIVE authenticated account","AVD-004 declares ordinary operational read access for ACTIVE accounts; route gate alone does not prove the read model’s runtime outcome.","No action implied by link/page. Owning use case enforces permission, scope, state, SoD, version, signature, and business rules."
"RT-SHARED-002","/notifications","src/pages/notifications.astro","System / Notifications","Manager","Visible to ACTIVE account","Allowed by page gate for ACTIVE authenticated account","AVD-004 declares ordinary operational read access for ACTIVE accounts; route gate alone does not prove the read model’s runtime outcome.","No action implied by link/page. Owning use case enforces permission, scope, state, SoD, version, signature, and business rules."
"RT-SHARED-002","/notifications","src/pages/notifications.astro","System / Notifications","Admin","Visible to ACTIVE account","Allowed by page gate for ACTIVE authenticated account","AVD-004 declares ordinary operational read access for ACTIVE accounts; route gate alone does not prove the read model’s runtime outcome.","No action implied by link/page. Owning use case enforces permission, scope, state, SoD, version, signature, and business rules."
"RT-SHARED-002","/notifications","src/pages/notifications.astro","System / Notifications","yazeed","Visible to ACTIVE account","Allowed by page gate for ACTIVE authenticated account","AVD-004 declares ordinary operational read access for ACTIVE accounts; route gate alone does not prove the read model’s runtime outcome.","No action implied by link/page. Owning use case enforces permission, scope, state, SoD, version, signature, and business rules."
"RT-SHARED-003","/account","src/pages/account.astro","System / Account settings","Employee","Visible to ACTIVE account","Allowed by page gate for ACTIVE authenticated account","AVD-004 declares ordinary operational read access for ACTIVE accounts; route gate alone does not prove the read model’s runtime outcome.","No action implied by link/page. Owning use case enforces permission, scope, state, SoD, version, signature, and business rules."
"RT-SHARED-003","/account","src/pages/account.astro","System / Account settings","Supervisor","Visible to ACTIVE account","Allowed by page gate for ACTIVE authenticated account","AVD-004 declares ordinary operational read access for ACTIVE accounts; route gate alone does not prove the read model’s runtime outcome.","No action implied by link/page. Owning use case enforces permission, scope, state, SoD, version, signature, and business rules."
"RT-SHARED-003","/account","src/pages/account.astro","System / Account settings","Manager","Visible to ACTIVE account","Allowed by page gate for ACTIVE authenticated account","AVD-004 declares ordinary operational read access for ACTIVE accounts; route gate alone does not prove the read model’s runtime outcome.","No action implied by link/page. Owning use case enforces permission, scope, state, SoD, version, signature, and business rules."
"RT-SHARED-003","/account","src/pages/account.astro","System / Account settings","Admin","Visible to ACTIVE account","Allowed by page gate for ACTIVE authenticated account","AVD-004 declares ordinary operational read access for ACTIVE accounts; route gate alone does not prove the read model’s runtime outcome.","No action implied by link/page. Owning use case enforces permission, scope, state, SoD, version, signature, and business rules."
"RT-SHARED-003","/account","src/pages/account.astro","System / Account settings","yazeed","Visible to ACTIVE account","Allowed by page gate for ACTIVE authenticated account","AVD-004 declares ordinary operational read access for ACTIVE accounts; route gate alone does not prove the read model’s runtime outcome.","No action implied by link/page. Owning use case enforces permission, scope, state, SoD, version, signature, and business rules."
"RT-SHARED-004","/audit","src/pages/audit.astro","System / Audit history","Employee","Visible to ACTIVE account","Allowed by page gate for ACTIVE authenticated account","AVD-004 declares ordinary operational read access for ACTIVE accounts; route gate alone does not prove the read model’s runtime outcome.","No action implied by link/page. Owning use case enforces permission, scope, state, SoD, version, signature, and business rules."
"RT-SHARED-004","/audit","src/pages/audit.astro","System / Audit history","Supervisor","Visible to ACTIVE account","Allowed by page gate for ACTIVE authenticated account","AVD-004 declares ordinary operational read access for ACTIVE accounts; route gate alone does not prove the read model’s runtime outcome.","No action implied by link/page. Owning use case enforces permission, scope, state, SoD, version, signature, and business rules."
"RT-SHARED-004","/audit","src/pages/audit.astro","System / Audit history","Manager","Visible to ACTIVE account","Allowed by page gate for ACTIVE authenticated account","AVD-004 declares ordinary operational read access for ACTIVE accounts; route gate alone does not prove the read model’s runtime outcome.","No action implied by link/page. Owning use case enforces permission, scope, state, SoD, version, signature, and business rules."
"RT-SHARED-004","/audit","src/pages/audit.astro","System / Audit history","Admin","Visible to ACTIVE account","Allowed by page gate for ACTIVE authenticated account","AVD-004 declares ordinary operational read access for ACTIVE accounts; route gate alone does not prove the read model’s runtime outcome.","No action implied by link/page. Owning use case enforces permission, scope, state, SoD, version, signature, and business rules."
"RT-SHARED-004","/audit","src/pages/audit.astro","System / Audit history","yazeed","Visible to ACTIVE account","Allowed by page gate for ACTIVE authenticated account","AVD-004 declares ordinary operational read access for ACTIVE accounts; route gate alone does not prove the read model’s runtime outcome.","No action implied by link/page. Owning use case enforces permission, scope, state, SoD, version, signature, and business rules."
"RT-HELP-001","/help","src/pages/help/index.astro","System / Operating guides","Employee","Visible to ACTIVE account","Allowed by page gate for ACTIVE authenticated account","AVD-004 declares ordinary operational read access for ACTIVE accounts; route gate alone does not prove the read model’s runtime outcome.","No action implied by link/page. Owning use case enforces permission, scope, state, SoD, version, signature, and business rules."
"RT-HELP-001","/help","src/pages/help/index.astro","System / Operating guides","Supervisor","Visible to ACTIVE account","Allowed by page gate for ACTIVE authenticated account","AVD-004 declares ordinary operational read access for ACTIVE accounts; route gate alone does not prove the read model’s runtime outcome.","No action implied by link/page. Owning use case enforces permission, scope, state, SoD, version, signature, and business rules."
"RT-HELP-001","/help","src/pages/help/index.astro","System / Operating guides","Manager","Visible to ACTIVE account","Allowed by page gate for ACTIVE authenticated account","AVD-004 declares ordinary operational read access for ACTIVE accounts; route gate alone does not prove the read model’s runtime outcome.","No action implied by link/page. Owning use case enforces permission, scope, state, SoD, version, signature, and business rules."
"RT-HELP-001","/help","src/pages/help/index.astro","System / Operating guides","Admin","Visible to ACTIVE account","Allowed by page gate for ACTIVE authenticated account","AVD-004 declares ordinary operational read access for ACTIVE accounts; route gate alone does not prove the read model’s runtime outcome.","No action implied by link/page. Owning use case enforces permission, scope, state, SoD, version, signature, and business rules."
"RT-HELP-001","/help","src/pages/help/index.astro","System / Operating guides","yazeed","Visible to ACTIVE account","Allowed by page gate for ACTIVE authenticated account","AVD-004 declares ordinary operational read access for ACTIVE accounts; route gate alone does not prove the read model’s runtime outcome.","No action implied by link/page. Owning use case enforces permission, scope, state, SoD, version, signature, and business rules."
"RT-QUAR-003","/quarantine/admin/[templateId]","src/pages/quarantine/admin/[templateId].astro","No primary-nav item; contextual links/direct route","Employee","Visible to ACTIVE account","Allowed by page gate for ACTIVE authenticated account","AVD-004 declares ordinary operational read access for ACTIVE accounts; route gate alone does not prove the read model’s runtime outcome.","No action implied by link/page. Owning use case enforces permission, scope, state, SoD, version, signature, and business rules."
"RT-QUAR-003","/quarantine/admin/[templateId]","src/pages/quarantine/admin/[templateId].astro","No primary-nav item; contextual links/direct route","Supervisor","Visible to ACTIVE account","Allowed by page gate for ACTIVE authenticated account","AVD-004 declares ordinary operational read access for ACTIVE accounts; route gate alone does not prove the read model’s runtime outcome.","No action implied by link/page. Owning use case enforces permission, scope, state, SoD, version, signature, and business rules."
"RT-QUAR-003","/quarantine/admin/[templateId]","src/pages/quarantine/admin/[templateId].astro","No primary-nav item; contextual links/direct route","Manager","Visible to ACTIVE account","Allowed by page gate for ACTIVE authenticated account","AVD-004 declares ordinary operational read access for ACTIVE accounts; route gate alone does not prove the read model’s runtime outcome.","No action implied by link/page. Owning use case enforces permission, scope, state, SoD, version, signature, and business rules."
"RT-QUAR-003","/quarantine/admin/[templateId]","src/pages/quarantine/admin/[templateId].astro","No primary-nav item; contextual links/direct route","Admin","Visible to ACTIVE account","Allowed by page gate for ACTIVE authenticated account","AVD-004 declares ordinary operational read access for ACTIVE accounts; route gate alone does not prove the read model’s runtime outcome.","No action implied by link/page. Owning use case enforces permission, scope, state, SoD, version, signature, and business rules."
"RT-QUAR-003","/quarantine/admin/[templateId]","src/pages/quarantine/admin/[templateId].astro","No primary-nav item; contextual links/direct route","yazeed","Visible to ACTIVE account","Allowed by page gate for ACTIVE authenticated account","AVD-004 declares ordinary operational read access for ACTIVE accounts; route gate alone does not prove the read model’s runtime outcome.","No action implied by link/page. Owning use case enforces permission, scope, state, SoD, version, signature, and business rules."
"RT-DOC-007","/documents/[documentId]/versions/[versionId]/edit","src/pages/documents/[documentId]/versions/[versionId]/edit.astro","No primary-nav item; contextual links/direct route","Employee","Visible to ACTIVE account","Allowed by page gate for ACTIVE authenticated account","AVD-004 declares ordinary operational read access for ACTIVE accounts; route gate alone does not prove the read model’s runtime outcome.","No action implied by link/page. Owning use case enforces permission, scope, state, SoD, version, signature, and business rules."
"RT-DOC-007","/documents/[documentId]/versions/[versionId]/edit","src/pages/documents/[documentId]/versions/[versionId]/edit.astro","No primary-nav item; contextual links/direct route","Supervisor","Visible to ACTIVE account","Allowed by page gate for ACTIVE authenticated account","AVD-004 declares ordinary operational read access for ACTIVE accounts; route gate alone does not prove the read model’s runtime outcome.","No action implied by link/page. Owning use case enforces permission, scope, state, SoD, version, signature, and business rules."
"RT-DOC-007","/documents/[documentId]/versions/[versionId]/edit","src/pages/documents/[documentId]/versions/[versionId]/edit.astro","No primary-nav item; contextual links/direct route","Manager","Visible to ACTIVE account","Allowed by page gate for ACTIVE authenticated account","AVD-004 declares ordinary operational read access for ACTIVE accounts; route gate alone does not prove the read model’s runtime outcome.","No action implied by link/page. Owning use case enforces permission, scope, state, SoD, version, signature, and business rules."
"RT-DOC-007","/documents/[documentId]/versions/[versionId]/edit","src/pages/documents/[documentId]/versions/[versionId]/edit.astro","No primary-nav item; contextual links/direct route","Admin","Visible to ACTIVE account","Allowed by page gate for ACTIVE authenticated account","AVD-004 declares ordinary operational read access for ACTIVE accounts; route gate alone does not prove the read model’s runtime outcome.","No action implied by link/page. Owning use case enforces permission, scope, state, SoD, version, signature, and business rules."
"RT-DOC-007","/documents/[documentId]/versions/[versionId]/edit","src/pages/documents/[documentId]/versions/[versionId]/edit.astro","No primary-nav item; contextual links/direct route","yazeed","Visible to ACTIVE account","Allowed by page gate for ACTIVE authenticated account","AVD-004 declares ordinary operational read access for ACTIVE accounts; route gate alone does not prove the read model’s runtime outcome.","No action implied by link/page. Owning use case enforces permission, scope, state, SoD, version, signature, and business rules."
"RT-REL-001","/governance/releases/[releaseId]","src/pages/governance/releases/[releaseId].astro","No primary-nav item; contextual links/direct route","Employee","Visible to ACTIVE account","Allowed by page gate for ACTIVE authenticated account","AVD-004 declares ordinary operational read access for ACTIVE accounts; route gate alone does not prove the read model’s runtime outcome.","No action implied by link/page. Owning use case enforces permission, scope, state, SoD, version, signature, and business rules."
"RT-REL-001","/governance/releases/[releaseId]","src/pages/governance/releases/[releaseId].astro","No primary-nav item; contextual links/direct route","Supervisor","Visible to ACTIVE account","Allowed by page gate for ACTIVE authenticated account","AVD-004 declares ordinary operational read access for ACTIVE accounts; route gate alone does not prove the read model’s runtime outcome.","No action implied by link/page. Owning use case enforces permission, scope, state, SoD, version, signature, and business rules."
"RT-REL-001","/governance/releases/[releaseId]","src/pages/governance/releases/[releaseId].astro","No primary-nav item; contextual links/direct route","Manager","Visible to ACTIVE account","Allowed by page gate for ACTIVE authenticated account","AVD-004 declares ordinary operational read access for ACTIVE accounts; route gate alone does not prove the read model’s runtime outcome.","No action implied by link/page. Owning use case enforces permission, scope, state, SoD, version, signature, and business rules."
"RT-REL-001","/governance/releases/[releaseId]","src/pages/governance/releases/[releaseId].astro","No primary-nav item; contextual links/direct route","Admin","Visible to ACTIVE account","Allowed by page gate for ACTIVE authenticated account","AVD-004 declares ordinary operational read access for ACTIVE accounts; route gate alone does not prove the read model’s runtime outcome.","No action implied by link/page. Owning use case enforces permission, scope, state, SoD, version, signature, and business rules."
"RT-REL-001","/governance/releases/[releaseId]","src/pages/governance/releases/[releaseId].astro","No primary-nav item; contextual links/direct route","yazeed","Visible to ACTIVE account","Allowed by page gate for ACTIVE authenticated account","AVD-004 declares ordinary operational read access for ACTIVE accounts; route gate alone does not prove the read model’s runtime outcome.","No action implied by link/page. Owning use case enforces permission, scope, state, SoD, version, signature, and business rules."
